DZCode,DataZoneArea,ClosestED,RouteLength_km,Population
N20000001,Dunsilly_A1,Antrim Area Hospital,10.56,738
N20000002,Dunsilly_B1,Antrim Area Hospital,22.49,331
N20000003,Dunsilly_A2,Antrim Area Hospital,15.67,365
N20000004,Dunsilly_A3,Antrim Area Hospital,15.98,663
N20000005,Dunsilly_B2,Antrim Area Hospital,19.04,676
N20000006,Dunsilly_A4,Antrim Area Hospital,8.16,464
N20000007,Dunsilly_C1,Antrim Area Hospital,20.28,880
N20000008,Dunsilly_A5,Antrim Area Hospital,12.23,642
N20000009,Dunsilly_A6,Antrim Area Hospital,15.13,401
N20000010,Dunsilly_B3,Antrim Area Hospital,5.97,544
N20000011,Dunsilly_D1,Antrim Area Hospital,11.75,525
N20000012,Dunsilly_D2,Antrim Area Hospital,11.79,503
N20000013,Dunsilly_F1,Antrim Area Hospital,19.36,407
N20000014,Dunsilly_D3,Antrim Area Hospital,11.33,506
N20000015,Dunsilly_C2,Antrim Area Hospital,21.19,586
N20000016,Dunsilly_E1,Antrim Area Hospital,10.95,453
N20000017,Dunsilly_E2,Antrim Area Hospital,11.02,674
N20000018,Dunsilly_E3,Antrim Area Hospital,11.27,486
N20000019,Dunsilly_D4,Antrim Area Hospital,11.00,393
N20000020,Dunsilly_D5,Antrim Area Hospital,11.40,562
N20000021,Dunsilly_E4,Antrim Area Hospital,9.89,545
N20000022,Dunsilly_C3,Antrim Area Hospital,20.26,441
N20000023,Dunsilly_D6,Antrim Area Hospital,11.67,502
N20000024,Dunsilly_C4,Antrim Area Hospital,20.66,620
N20000025,Dunsilly_F2,Antrim Area Hospital,4.31,415
N20000026,Dunsilly_B4,Antrim Area Hospital,12.55,554
N20000027,Dunsilly_F3,Antrim Area Hospital,4.11,558
N20000028,Dunsilly_F4,Antrim Area Hospital,14.26,550
N20000029,Dunsilly_F5,Antrim Area Hospital,8.00,552
N20000030,Dunsilly_B5,Mater Hospital,20.76,496
N20000031,Dunsilly_B6,Antrim Area Hospital,9.74,531
N20000032,Dunsilly_F6,Antrim Area Hospital,13.92,459
N20000033,Dunsilly_F7,Antrim Area Hospital,18.97,536
N20000034,Dunsilly_F8,Antrim Area Hospital,16.72,439
N20000035,Antrim_A1,Antrim Area Hospital,21.59,671
N20000036,Antrim_A2,Antrim Area Hospital,1.92,374
N20000037,Antrim_A3,Antrim Area Hospital,2.82,423
N20000038,Antrim_B1,Antrim Area Hospital,0.63,628
N20000039,Antrim_B2,Antrim Area Hospital,2.26,499
N20000040,Antrim_A4,Antrim Area Hospital,2.90,371
N20000041,Antrim_C1,Antrim Area Hospital,3.45,931
N20000042,Antrim_B3,Antrim Area Hospital,1.45,661
N20000043,Antrim_D1,Antrim Area Hospital,2.38,820
N20000044,Antrim_C2,Antrim Area Hospital,4.53,493
N20000045,Antrim_C3,Antrim Area Hospital,3.77,466
N20000046,Antrim_D2,Antrim Area Hospital,2.13,570
N20000047,Antrim_D3,Antrim Area Hospital,2.15,516
N20000048,Antrim_C4,Antrim Area Hospital,3.68,562
N20000049,Antrim_G1,Antrim Area Hospital,3.13,554
N20000050,Antrim_E1,Antrim Area Hospital,2.77,425
N20000051,Antrim_F1,Antrim Area Hospital,3.18,493
N20000052,Antrim_F2,Antrim Area Hospital,3.79,501
N20000053,Antrim_E2,Antrim Area Hospital,2.86,408
N20000054,Antrim_D4,Antrim Area Hospital,2.41,517
N20000055,Antrim_E3,Antrim Area Hospital,3.04,336
N20000056,Antrim_E4,Antrim Area Hospital,3.05,483
N20000057,Antrim_G2,Antrim Area Hospital,3.01,465
N20000058,Antrim_H1,Antrim Area Hospital,3.41,415
N20000059,Antrim_F3,Antrim Area Hospital,3.39,413
N20000060,Antrim_J1,Antrim Area Hospital,3.25,355
N20000061,Antrim_H2,Antrim Area Hospital,3.41,382
N20000062,Antrim_H3,Antrim Area Hospital,3.73,597
N20000063,Antrim_G3,Antrim Area Hospital,4.10,354
N20000064,Antrim_J2,Antrim Area Hospital,4.09,391
N20000065,Antrim_J3,Antrim Area Hospital,4.18,491
N20000066,Antrim_K1,Antrim Area Hospital,3.99,325
N20000067,Antrim_K2,Antrim Area Hospital,3.99,521
N20000068,Antrim_G4,Antrim Area Hospital,4.20,423
N20000069,Antrim_L1,Antrim Area Hospital,3.96,461
N20000070,Antrim_J4,Antrim Area Hospital,4.25,426
N20000071,Antrim_G5,Antrim Area Hospital,4.38,337
N20000072,Antrim_L2,Antrim Area Hospital,4.26,559
N20000073,Antrim_F4,Antrim Area Hospital,4.45,473
N20000074,Antrim_K3,Antrim Area Hospital,4.27,468
N20000075,Antrim_L3,Antrim Area Hospital,5.10,432
N20000076,Antrim_N1,Antrim Area Hospital,4.75,373
N20000077,Antrim_N2,Antrim Area Hospital,4.70,306
N20000078,Antrim_F5,Antrim Area Hospital,4.58,324
N20000079,Antrim_K4,Antrim Area Hospital,4.61,387
N20000080,Antrim_J5,Antrim Area Hospital,5.21,633
N20000081,Antrim_N3,Antrim Area Hospital,4.90,334
N20000082,Antrim_K5,Antrim Area Hospital,5.27,452
N20000083,Antrim_N4,Antrim Area Hospital,4.88,270
N20000084,Antrim_N5,Antrim Area Hospital,5.00,288
N20000085,Antrim_L4,Antrim Area Hospital,5.17,594
N20000086,Ballyclare_F1,Mater Hospital,20.10,611
N20000087,Ballyclare_A1,Antrim Area Hospital,19.70,473
N20000088,Ballyclare_F2,Mater Hospital,20.68,485
N20000089,Ballyclare_F3,Mater Hospital,19.50,680
N20000090,Ballyclare_B1,Antrim Area Hospital,17.87,804
N20000091,Ballyclare_A2,Antrim Area Hospital,22.02,509
N20000092,Ballyclare_B2,Antrim Area Hospital,17.67,802
N20000093,Ballyclare_B3,Antrim Area Hospital,17.70,408
N20000094,Ballyclare_B4,Antrim Area Hospital,17.90,427
N20000095,Ballyclare_C1,Antrim Area Hospital,17.43,397
N20000096,Ballyclare_A3,Antrim Area Hospital,22.47,582
N20000097,Ballyclare_B5,Antrim Area Hospital,17.51,574
N20000098,Ballyclare_D1,Antrim Area Hospital,17.12,383
N20000099,Ballyclare_A4,Antrim Area Hospital,22.58,464
N20000100,Ballyclare_F4,Mater Hospital,18.95,705
N20000101,Ballyclare_D2,Mater Hospital,18.23,463
N20000102,Ballyclare_D3,Mater Hospital,17.92,475
N20000103,Ballyclare_C2,Antrim Area Hospital,17.09,353
N20000104,Ballyclare_C3,Antrim Area Hospital,16.22,533
N20000105,Ballyclare_C4,Antrim Area Hospital,16.53,408
N20000106,Ballyclare_D4,Mater Hospital,17.72,413
N20000107,Ballyclare_D5,Mater Hospital,17.99,402
N20000108,Ballyclare_C5,Antrim Area Hospital,17.04,349
N20000109,Ballyclare_E1,Antrim Area Hospital,15.98,552
N20000110,Ballyclare_E2,Antrim Area Hospital,15.57,661
N20000111,Ballyclare_E3,Antrim Area Hospital,16.08,557
N20000112,Ballyclare_C6,Antrim Area Hospital,16.49,323
N20000113,Ballyclare_D6,Mater Hospital,17.16,402
N20000114,Ballyclare_E4,Antrim Area Hospital,15.97,439
N20000115,Ballyclare_E5,Antrim Area Hospital,17.04,727
N20000116,Ballyclare_G1,Antrim Area Hospital,14.04,311
N20000117,Ballyclare_G2,Antrim Area Hospital,13.94,343
N20000118,Ballyclare_G3,Antrim Area Hospital,13.77,418
N20000119,Ballyclare_G4,Antrim Area Hospital,13.42,332
N20000120,Ballyclare_H1,Mater Hospital,15.24,402
N20000121,Ballyclare_F5,Mater Hospital,15.69,705
N20000122,Ballyclare_H2,Antrim Area Hospital,15.46,712
N20000123,Ballyclare_H3,Mater Hospital,14.27,487
N20000124,Three_Mile_Water_A1,Mater Hospital,12.41,457
N20000125,Three_Mile_Water_B1,Mater Hospital,12.36,438
N20000126,Three_Mile_Water_C1,Mater Hospital,11.90,611
N20000127,Three_Mile_Water_A2,Mater Hospital,11.33,193
N20000128,Three_Mile_Water_C2,Mater Hospital,11.71,701
N20000129,Three_Mile_Water_A3,Mater Hospital,10.80,826
N20000130,Three_Mile_Water_D1,Mater Hospital,11.11,561
N20000131,Three_Mile_Water_A4,Mater Hospital,11.22,390
N20000132,Three_Mile_Water_E1,Mater Hospital,11.13,606
N20000133,Three_Mile_Water_C3,Mater Hospital,10.90,740
N20000134,Three_Mile_Water_E2,Mater Hospital,11.27,676
N20000135,Three_Mile_Water_D2,Mater Hospital,11.17,523
N20000136,Three_Mile_Water_D3,Mater Hospital,11.42,493
N20000137,Three_Mile_Water_B2,Mater Hospital,10.69,456
N20000138,Three_Mile_Water_K1,Mater Hospital,10.72,497
N20000139,Three_Mile_Water_B3,Mater Hospital,10.81,462
N20000140,Three_Mile_Water_G1,Mater Hospital,10.64,719
N20000141,Three_Mile_Water_A5,Mater Hospital,10.27,351
N20000142,Three_Mile_Water_F1,Mater Hospital,11.27,349
N20000143,Three_Mile_Water_E3,Mater Hospital,11.22,625
N20000144,Three_Mile_Water_D4,Mater Hospital,10.82,382
N20000145,Three_Mile_Water_F2,Mater Hospital,10.78,260
N20000146,Three_Mile_Water_J1,Mater Hospital,11.04,402
N20000147,Three_Mile_Water_F3,Mater Hospital,10.63,503
N20000148,Three_Mile_Water_H1,Mater Hospital,11.08,310
N20000149,Three_Mile_Water_E4,Mater Hospital,11.39,615
N20000150,Three_Mile_Water_J2,Mater Hospital,11.36,319
N20000002,Dunsilly_B1,Mater Hospital,11.24,331
N20000152,Three_Mile_Water_G2,Mater Hospital,10.71,368
N20000153,Three_Mile_Water_K2,Mater Hospital,10.26,546
N20000154,Three_Mile_Water_F4,Mater Hospital,10.73,786
N20000155,Three_Mile_Water_J3,Mater Hospital,10.96,355
N20000003,Dunsilly_A2,Mater Hospital,11.55,365
N20000004,Dunsilly_A3,Mater Hospital,11.48,663
N20000158,Three_Mile_Water_G3,Mater Hospital,10.70,596
N20000159,Three_Mile_Water_J4,Mater Hospital,11.51,385
N20000160,Three_Mile_Water_G4,Mater Hospital,11.45,365
N20000161,Three_Mile_Water_K3,Mater Hospital,9.55,547
N20000162,Three_Mile_Water_G5,Mater Hospital,10.19,748
N20000163,Three_Mile_Water_K4,Mater Hospital,9.08,532
N20000164,Macedon_A1,Mater Hospital,9.55,570
N20000165,Macedon_A2,Mater Hospital,9.61,460
N20000166,Macedon_B1,Mater Hospital,9.38,392
N20000167,Macedon_B2,Mater Hospital,9.21,307
N20000168,Macedon_C1,Mater Hospital,9.04,428
N20000169,Macedon_B3,Mater Hospital,9.01,429
N20000170,Macedon_C2,Mater Hospital,9.05,474
N20000171,Macedon_C3,Mater Hospital,8.95,456
N20000172,Macedon_B4,Mater Hospital,8.95,596
N20000173,Macedon_A3,Mater Hospital,9.22,639
N20000174,Macedon_D1,Mater Hospital,8.88,623
N20000175,Macedon_C4,Mater Hospital,8.95,440
N20000176,Macedon_C5,Mater Hospital,8.68,411
N20000177,Macedon_B5,Mater Hospital,8.78,353
N20000178,Macedon_E1,Mater Hospital,8.92,439
N20000179,Macedon_E2,Mater Hospital,8.78,591
N20000180,Macedon_D2,Mater Hospital,8.59,482
N20000181,Macedon_F1,Mater Hospital,8.91,462
N20000182,Macedon_D3,Mater Hospital,8.81,680
N20000183,Macedon_F2,Mater Hospital,8.13,423
N20000184,Macedon_F3,Mater Hospital,8.10,416
N20000185,Macedon_E3,Mater Hospital,7.99,242
N20000186,Macedon_H1,Mater Hospital,8.05,203
N20000187,Macedon_F4,Mater Hospital,7.94,371
N20000188,Macedon_H2,Mater Hospital,7.65,501
N20000189,Macedon_J1,Mater Hospital,8.21,572
N20000190,Macedon_G1,Mater Hospital,8.50,358
N20000191,Macedon_E4,Mater Hospital,7.73,404
N20000192,Macedon_G2,Mater Hospital,8.74,259
N20000193,Macedon_G3,Mater Hospital,7.68,238
N20000194,Macedon_K1,Mater Hospital,7.64,357
N20000195,Macedon_G4,Mater Hospital,7.69,531
N20000196,Macedon_J2,Mater Hospital,7.95,216
N20000197,Macedon_K2,Mater Hospital,7.47,213
N20000198,Macedon_K3,Mater Hospital,7.38,359
N20000199,Macedon_G5,Mater Hospital,7.47,512
N20000200,Macedon_K4,Mater Hospital,7.22,561
N20000201,Macedon_J3,Mater Hospital,7.30,567
N20000202,Macedon_K5,Mater Hospital,6.79,398
N20000203,Macedon_J4,Mater Hospital,7.29,314
N20000204,Macedon_J5,Mater Hospital,6.87,380
N20000205,Macedon_H3,Mater Hospital,6.54,319
N20000206,Macedon_H4,Mater Hospital,6.57,283
N20000207,Macedon_L1,Mater Hospital,6.41,445
N20000208,Macedon_L2,Mater Hospital,6.73,484
N20000209,Macedon_L3,Mater Hospital,6.10,499
N20000210,Macedon_L4,Mater Hospital,5.73,659
N20000211,Glengormley_Urban_C1,Mater Hospital,10.24,614
N20000212,Glengormley_Urban_A1,Mater Hospital,9.92,513
N20000213,Glengormley_Urban_A2,Mater Hospital,10.12,391
N20000005,Dunsilly_B2,Mater Hospital,10.98,676
N20000215,Glengormley_Urban_C2,Mater Hospital,10.50,500
N20000006,Dunsilly_A4,Mater Hospital,11.25,464
N20000217,Glengormley_Urban_A3,Mater Hospital,9.63,595
N20000218,Glengormley_Urban_B3,Mater Hospital,9.90,584
N20000219,Glengormley_Urban_C3,Mater Hospital,10.01,722
N20000007,Dunsilly_C1,Mater Hospital,10.24,880
N20000221,Glengormley_Urban_D1,Mater Hospital,9.18,524
N20000222,Glengormley_Urban_E1,Mater Hospital,9.99,484
N20000223,Glengormley_Urban_D2,Mater Hospital,10.08,492
N20000224,Glengormley_Urban_B5,Mater Hospital,9.87,461
N20000225,Glengormley_Urban_E2,Mater Hospital,9.15,310
N20000226,Glengormley_Urban_D3,Mater Hospital,10.22,605
N20000227,Glengormley_Urban_C4,Mater Hospital,9.67,489
N20000228,Glengormley_Urban_E3,Mater Hospital,8.89,426
N20000229,Glengormley_Urban_E4,Mater Hospital,8.80,462
N20000230,Glengormley_Urban_D4,Mater Hospital,8.66,522
N20000231,Glengormley_Urban_F1,Mater Hospital,9.54,488
N20000232,Glengormley_Urban_G1,Mater Hospital,8.91,316
N20000233,Glengormley_Urban_F2,Mater Hospital,9.08,479
N20000234,Glengormley_Urban_G2,Mater Hospital,9.17,422
N20000235,Glengormley_Urban_G3,Mater Hospital,8.61,366
N20000236,Glengormley_Urban_H1,Mater Hospital,8.36,441
N20000237,Glengormley_Urban_H2,Mater Hospital,8.30,415
N20000238,Glengormley_Urban_F3,Mater Hospital,8.94,584
N20000239,Glengormley_Urban_G4,Mater Hospital,8.80,463
N20000240,Glengormley_Urban_F4,Mater Hospital,8.10,348
N20000241,Glengormley_Urban_G5,Mater Hospital,8.44,291
N20000242,Glengormley_Urban_H3,Mater Hospital,8.22,451
N20000243,Glengormley_Urban_J1,Mater Hospital,7.56,354
N20000244,Glengormley_Urban_J2,Mater Hospital,8.35,692
N20000245,Glengormley_Urban_J3,Mater Hospital,7.40,398
N20000246,Glengormley_Urban_K1,Mater Hospital,7.66,544
N20000247,Glengormley_Urban_K2,Mater Hospital,7.90,457
N20000248,Glengormley_Urban_L1,Mater Hospital,8.44,270
N20000249,Glengormley_Urban_J4,Mater Hospital,7.38,353
N20000250,Glengormley_Urban_J5,Mater Hospital,7.34,390
N20000251,Glengormley_Urban_L2,Mater Hospital,8.63,714
N20000252,Glengormley_Urban_L3,Mater Hospital,8.46,449
N20000253,Glengormley_Urban_K3,Mater Hospital,7.62,618
N20000254,Glengormley_Urban_K4,Mater Hospital,7.30,500
N20000255,Glengormley_Urban_L4,Mater Hospital,8.53,545
N20000256,Glengormley_Urban_L5,Mater Hospital,6.96,561
N20000257,Airport_A1,Antrim Area Hospital,10.71,308
N20000258,Airport_B1,Antrim Area Hospital,8.37,516
N20000259,Airport_A2,Antrim Area Hospital,10.11,588
N20000260,Airport_A3,Antrim Area Hospital,11.18,652
N20000261,Airport_C1,Antrim Area Hospital,11.91,893
N20000262,Airport_C2,Mater Hospital,12.21,651
N20000263,Airport_B2,Antrim Area Hospital,7.35,562
N20000264,Airport_B3,Antrim Area Hospital,6.84,683
N20000265,Airport_D1,Mater Hospital,11.15,537
N20000266,Airport_C3,Mater Hospital,13.15,377
N20000267,Airport_D2,Mater Hospital,9.86,808
N20000268,Airport_F1,Antrim Area Hospital,8.02,666
N20000269,Airport_D3,Mater Hospital,10.89,647
N20000270,Airport_E1,Mater Hospital,9.17,350
N20000271,Airport_D4,Mater Hospital,10.10,511
N20000272,Airport_E2,Mater Hospital,9.87,657
N20000273,Airport_E3,Mater Hospital,8.47,405
N20000274,Airport_G1,Antrim Area Hospital,11.59,535
N20000275,Airport_E4,Mater Hospital,9.75,491
N20000276,Airport_E5,Mater Hospital,8.12,601
N20000277,Airport_E6,Mater Hospital,8.23,434
N20000278,Airport_C4,Mater Hospital,9.92,523
N20000279,Airport_F2,Antrim Area Hospital,13.00,"1,333"
N20000280,Airport_G2,Mater Hospital,13.56,657
N20000281,Airport_G3,Antrim Area Hospital,15.97,667
N20000282,Airport_F3,Antrim Area Hospital,20.30,429
N20000283,Airport_H1,Antrim Area Hospital,17.19,749
N20000284,Airport_H2,Antrim Area Hospital,17.81,616
N20000285,Airport_G4,Mater Hospital,13.12,650
N20000286,Airport_J1,Antrim Area Hospital,17.87,520
N20000287,Airport_H3,Antrim Area Hospital,18.38,738
N20000288,Airport_H4,Antrim Area Hospital,17.95,480
N20000289,Airport_J2,Antrim Area Hospital,17.66,356
N20000290,Airport_H5,Antrim Area Hospital,18.30,299
N20000291,Airport_J3,Antrim Area Hospital,18.12,317
N20000292,Airport_J4,Antrim Area Hospital,18.34,562
N20000293,Airport_F4,Antrim Area Hospital,19.36,534
N20000294,Airport_J5,Antrim Area Hospital,18.53,726
N20000295,Armagh_A1,Craigavon Area Hospital,19.87,701
N20000296,Armagh_A2,Craigavon Area Hospital,17.87,555
N20000297,Armagh_A3,Craigavon Area Hospital,23.43,638
N20000298,Armagh_A4,Craigavon Area Hospital,21.33,664
N20000299,Armagh_E1,Craigavon Area Hospital,29.91,544
N20000300,Armagh_A5,Craigavon Area Hospital,25.98,486
N20000301,Armagh_E2,Craigavon Area Hospital,27.47,715
N20000302,Armagh_A6,Craigavon Area Hospital,23.09,770
N20000303,Armagh_C1,Craigavon Area Hospital,20.39,670
N20000304,Armagh_C2,Craigavon Area Hospital,18.68,508
N20000305,Armagh_E3,Craigavon Area Hospital,28.90,568
N20000306,Armagh_B1,Craigavon Area Hospital,17.79,536
N20000307,Armagh_B2,Craigavon Area Hospital,17.49,416
N20000308,Armagh_C3,Craigavon Area Hospital,20.11,437
N20000309,Armagh_D1,Craigavon Area Hospital,20.43,682
N20000310,Armagh_J1,Craigavon Area Hospital,23.93,440
N20000311,Armagh_B3,Craigavon Area Hospital,18.08,519
N20000312,Armagh_D2,Craigavon Area Hospital,20.77,696
N20000313,Armagh_F1,Craigavon Area Hospital,19.90,437
N20000314,Armagh_B4,Craigavon Area Hospital,18.76,355
N20000315,Armagh_C4,Craigavon Area Hospital,19.06,512
N20000316,Armagh_D3,Craigavon Area Hospital,20.99,498
N20000317,Armagh_D4,Craigavon Area Hospital,21.65,711
N20000318,Armagh_D5,Craigavon Area Hospital,20.32,528
N20000319,Armagh_F2,Craigavon Area Hospital,19.67,260
N20000320,Armagh_F3,Craigavon Area Hospital,19.66,509
N20000321,Armagh_F4,Craigavon Area Hospital,20.60,328
N20000322,Armagh_D6,Craigavon Area Hospital,22.02,474
N20000323,Armagh_F5,Craigavon Area Hospital,20.47,231
N20000324,Armagh_C5,Craigavon Area Hospital,19.25,362
N20000325,Armagh_G1,Craigavon Area Hospital,20.12,410
N20000326,Armagh_C6,Craigavon Area Hospital,19.33,530
N20000327,Armagh_F6,Craigavon Area Hospital,20.60,541
N20000328,Armagh_G2,Craigavon Area Hospital,20.49,325
N20000329,Armagh_G3,Craigavon Area Hospital,21.45,808
N20000330,Armagh_G4,Craigavon Area Hospital,20.77,562
N20000331,Armagh_G5,Craigavon Area Hospital,21.30,573
N20000332,Armagh_H1,Craigavon Area Hospital,21.01,499
N20000333,Armagh_H2,Craigavon Area Hospital,29.57,489
N20000334,Armagh_H3,Craigavon Area Hospital,21.27,570
N20000335,Armagh_G6,Craigavon Area Hospital,21.97,389
N20000336,Armagh_H4,Craigavon Area Hospital,21.28,465
N20000337,Armagh_H5,Craigavon Area Hospital,29.91,481
N20000338,Armagh_J2,Craigavon Area Hospital,27.24,406
N20000339,Armagh_J3,Craigavon Area Hospital,22.23,561
N20000340,Armagh_E4,Craigavon Area Hospital,32.53,543
N20000341,Armagh_J4,Craigavon Area Hospital,24.00,678
N20000342,Armagh_E5,Craigavon Area Hospital,35.26,416
N20000343,Armagh_J5,Craigavon Area Hospital,26.05,671
N20000344,Armagh_K1,Craigavon Area Hospital,30.30,583
N20000345,Armagh_J6,Craigavon Area Hospital,29.13,571
N20000346,Armagh_K2,Craigavon Area Hospital,32.81,657
N20000347,Armagh_K3,Craigavon Area Hospital,34.95,518
N20000348,Armagh_L1,Daisy Hill Hospital,30.43,525
N20000349,Armagh_L2,Daisy Hill Hospital,30.35,470
N20000350,Armagh_L3,Daisy Hill Hospital,30.31,628
N20000351,Armagh_L4,Daisy Hill Hospital,30.17,431
N20000352,Armagh_L5,Daisy Hill Hospital,29.47,580
N20000353,Armagh_K4,Daisy Hill Hospital,31.58,512
N20000354,Armagh_K5,Daisy Hill Hospital,32.89,736
N20000355,Armagh_K6,Daisy Hill Hospital,36.19,527
N20000356,Portadown_A1,Craigavon Area Hospital,16.06,701
N20000357,Portadown_A2,Craigavon Area Hospital,19.13,392
N20000358,Portadown_B1,Craigavon Area Hospital,12.61,562
N20000359,Portadown_A3,Craigavon Area Hospital,12.65,555
N20000360,Portadown_B2,Craigavon Area Hospital,11.98,403
N20000361,Portadown_A4,Craigavon Area Hospital,19.29,669
N20000362,Portadown_A5,Craigavon Area Hospital,14.21,648
N20000363,Portadown_B3,Craigavon Area Hospital,11.84,490
N20000364,Portadown_B4,Craigavon Area Hospital,7.51,559
N20000365,Portadown_B5,Craigavon Area Hospital,6.17,539
N20000366,Portadown_B6,Craigavon Area Hospital,9.25,467
N20000367,Portadown_J1,Craigavon Area Hospital,11.98,597
N20000368,Portadown_R1,Craigavon Area Hospital,7.65,668
N20000369,Portadown_J2,Craigavon Area Hospital,14.83,655
N20000370,Portadown_C1,Craigavon Area Hospital,4.35,415
N20000371,Portadown_D1,Craigavon Area Hospital,4.07,609
N20000372,Portadown_C2,Craigavon Area Hospital,4.56,652
N20000373,Portadown_D2,Craigavon Area Hospital,3.32,580
N20000374,Portadown_C3,Craigavon Area Hospital,4.01,366
N20000375,Portadown_D3,Craigavon Area Hospital,3.43,324
N20000376,Portadown_D4,Craigavon Area Hospital,3.71,277
N20000377,Portadown_F1,Craigavon Area Hospital,3.15,473
N20000378,Portadown_E1,Craigavon Area Hospital,3.46,409
N20000379,Portadown_D5,Craigavon Area Hospital,2.96,657
N20000380,Portadown_C4,Craigavon Area Hospital,4.32,387
N20000381,Portadown_E2,Craigavon Area Hospital,3.19,576
N20000382,Portadown_E3,Craigavon Area Hospital,4.07,591
N20000383,Portadown_R2,Craigavon Area Hospital,8.65,655
N20000384,Portadown_H1,Craigavon Area Hospital,2.15,650
N20000385,Portadown_G1,Craigavon Area Hospital,3.96,344
N20000386,Portadown_E4,Craigavon Area Hospital,3.08,437
N20000387,Portadown_G2,Craigavon Area Hospital,3.75,293
N20000388,Portadown_G3,Craigavon Area Hospital,3.99,383
N20000389,Portadown_K1,Craigavon Area Hospital,4.41,701
N20000390,Portadown_G4,Craigavon Area Hospital,4.22,437
N20000391,Portadown_G5,Craigavon Area Hospital,3.66,275
N20000392,Portadown_H2,Craigavon Area Hospital,2.91,536
N20000393,Portadown_F2,Craigavon Area Hospital,2.46,460
N20000394,Portadown_G6,Craigavon Area Hospital,4.00,310
N20000395,Portadown_F3,Craigavon Area Hospital,2.95,542
N20000396,Portadown_K2,Craigavon Area Hospital,3.50,430
N20000397,Portadown_H3,Craigavon Area Hospital,2.46,716
N20000398,Portadown_L1,Craigavon Area Hospital,3.03,457
N20000399,Portadown_K3,Craigavon Area Hospital,3.68,442
N20000400,Portadown_L2,Craigavon Area Hospital,3.16,458
N20000401,Portadown_J3,Craigavon Area Hospital,13.38,635
N20000402,Portadown_K4,Craigavon Area Hospital,4.08,787
N20000403,Portadown_L3,Craigavon Area Hospital,3.31,460
N20000404,Portadown_N1,Craigavon Area Hospital,3.61,629
N20000405,Portadown_N2,Craigavon Area Hospital,3.49,494
N20000406,Portadown_P1,Craigavon Area Hospital,4.43,293
N20000407,Portadown_N3,Craigavon Area Hospital,3.84,403
N20000408,Portadown_J4,Craigavon Area Hospital,15.70,321
N20000409,Portadown_P2,Craigavon Area Hospital,4.22,238
N20000410,Portadown_P3,Craigavon Area Hospital,4.74,353
N20000411,Portadown_L4,Craigavon Area Hospital,3.98,526
N20000412,Portadown_P4,Craigavon Area Hospital,4.46,524
N20000413,Portadown_Q1,Craigavon Area Hospital,4.69,707
N20000414,Portadown_Q2,Craigavon Area Hospital,4.52,472
N20000415,Portadown_Q3,Craigavon Area Hospital,4.60,445
N20000416,Portadown_R3,Craigavon Area Hospital,9.74,641
N20000417,Portadown_Q4,Craigavon Area Hospital,5.12,579
N20000418,Portadown_J5,Craigavon Area Hospital,16.61,714
N20000419,Portadown_R4,Craigavon Area Hospital,6.56,484
N20000420,Portadown_R5,Craigavon Area Hospital,6.90,473
N20000421,Craigavon_A1,Craigavon Area Hospital,18.36,712
N20000422,Craigavon_A2,Craigavon Area Hospital,16.31,796
N20000423,Craigavon_A3,Craigavon Area Hospital,9.67,778
N20000424,Craigavon_A4,Craigavon Area Hospital,11.24,794
N20000425,Craigavon_B1,Craigavon Area Hospital,6.93,318
N20000426,Craigavon_B2,Craigavon Area Hospital,7.42,550
N20000427,Craigavon_B3,Craigavon Area Hospital,12.28,591
N20000428,Craigavon_B4,Craigavon Area Hospital,3.22,854
N20000429,Craigavon_B5,Craigavon Area Hospital,5.78,368
N20000430,Craigavon_C1,Craigavon Area Hospital,6.29,454
N20000431,Craigavon_E1,Craigavon Area Hospital,5.34,520
N20000432,Craigavon_E2,Craigavon Area Hospital,4.75,576
N20000433,Craigavon_C2,Craigavon Area Hospital,2.31,719
N20000434,Craigavon_D1,Craigavon Area Hospital,2.83,613
N20000435,Craigavon_D2,Craigavon Area Hospital,3.44,699
N20000436,Craigavon_F1,Craigavon Area Hospital,3.41,481
N20000437,Craigavon_D3,Craigavon Area Hospital,3.13,368
N20000438,Craigavon_F2,Craigavon Area Hospital,1.42,363
N20000439,Craigavon_E3,Craigavon Area Hospital,5.34,457
N20000440,Craigavon_C3,Craigavon Area Hospital,1.70,406
N20000441,Craigavon_C4,Craigavon Area Hospital,2.30,448
N20000442,Craigavon_E4,Craigavon Area Hospital,4.00,471
N20000443,Craigavon_F3,Craigavon Area Hospital,0.47,443
N20000444,Craigavon_F4,Craigavon Area Hospital,1.83,408
N20000445,Craigavon_E5,Craigavon Area Hospital,4.44,520
N20000446,Craigavon_J1,Craigavon Area Hospital,4.69,667
N20000447,Craigavon_F5,Craigavon Area Hospital,1.07,520
N20000448,Craigavon_G1,Craigavon Area Hospital,4.58,582
N20000449,Craigavon_G2,Craigavon Area Hospital,4.57,413
N20000450,Craigavon_H1,Craigavon Area Hospital,4.41,313
N20000451,Craigavon_J2,Craigavon Area Hospital,0.05,722
N20000452,Craigavon_G3,Craigavon Area Hospital,4.77,421
N20000453,Craigavon_G4,Craigavon Area Hospital,5.29,601
N20000454,Craigavon_G5,Craigavon Area Hospital,5.20,322
N20000455,Craigavon_F6,Craigavon Area Hospital,0.27,458
N20000456,Craigavon_H2,Craigavon Area Hospital,0.57,422
N20000457,Craigavon_J3,Craigavon Area Hospital,0.15,619
N20000458,Craigavon_L1,Craigavon Area Hospital,5.39,404
N20000459,Craigavon_H3,Craigavon Area Hospital,1.12,418
N20000460,Craigavon_H4,Craigavon Area Hospital,0.98,706
N20000461,Craigavon_J4,Craigavon Area Hospital,3.25,656
N20000462,Craigavon_N1,Craigavon Area Hospital,3.46,489
N20000463,Craigavon_K1,Craigavon Area Hospital,2.63,414
N20000464,Craigavon_N2,Craigavon Area Hospital,3.76,524
N20000465,Craigavon_L2,Craigavon Area Hospital,6.93,241
N20000466,Craigavon_K2,Craigavon Area Hospital,2.74,504
N20000467,Craigavon_L3,Craigavon Area Hospital,6.97,485
N20000468,Craigavon_K3,Craigavon Area Hospital,2.96,460
N20000469,Craigavon_P1,Craigavon Area Hospital,5.20,573
N20000470,Craigavon_N3,Craigavon Area Hospital,3.16,466
N20000471,Craigavon_N4,Craigavon Area Hospital,3.36,631
N20000472,Craigavon_N5,Craigavon Area Hospital,3.03,611
N20000473,Craigavon_L4,Craigavon Area Hospital,7.84,466
N20000474,Craigavon_P2,Craigavon Area Hospital,6.89,724
N20000475,Craigavon_P3,Craigavon Area Hospital,4.37,648
N20000476,Lurgan_A1,Craigavon Area Hospital,18.69,569
N20000477,Lurgan_B1,Craigavon Area Hospital,15.04,566
N20000478,Lurgan_A2,Craigavon Area Hospital,15.49,618
N20000479,Lurgan_A3,Craigavon Area Hospital,12.50,382
N20000480,Lurgan_A4,Craigavon Area Hospital,12.09,478
N20000481,Lurgan_B2,Craigavon Area Hospital,10.15,661
N20000482,Lurgan_A5,Craigavon Area Hospital,12.66,777
N20000483,Lurgan_C1,Craigavon Area Hospital,8.43,682
N20000484,Lurgan_C2,Craigavon Area Hospital,8.28,551
N20000485,Lurgan_D1,Craigavon Area Hospital,8.08,632
N20000486,Lurgan_D2,Craigavon Area Hospital,8.03,573
N20000487,Lurgan_C3,Craigavon Area Hospital,7.84,540
N20000488,Lurgan_B3,Craigavon Area Hospital,9.16,544
N20000489,Lurgan_D3,Craigavon Area Hospital,7.57,443
N20000490,Lurgan_E1,Craigavon Area Hospital,7.48,786
N20000491,Lurgan_E2,Craigavon Area Hospital,7.35,437
N20000492,Lurgan_E3,Craigavon Area Hospital,7.37,529
N20000493,Lurgan_C4,Craigavon Area Hospital,7.18,593
N20000494,Lurgan_E4,Craigavon Area Hospital,7.06,615
N20000495,Lurgan_D4,Craigavon Area Hospital,7.74,650
N20000496,Lurgan_F1,Craigavon Area Hospital,7.21,671
N20000497,Lurgan_F2,Craigavon Area Hospital,6.93,467
N20000498,Lurgan_E5,Craigavon Area Hospital,7.11,491
N20000499,Lurgan_D5,Craigavon Area Hospital,7.72,556
N20000500,Lurgan_F3,Craigavon Area Hospital,6.75,398
N20000501,Lurgan_H1,Craigavon Area Hospital,11.54,548
N20000502,Lurgan_H2,Craigavon Area Hospital,11.12,449
N20000503,Lurgan_G1,Craigavon Area Hospital,6.85,407
N20000504,Lurgan_F4,Craigavon Area Hospital,6.73,356
N20000505,Lurgan_G2,Craigavon Area Hospital,6.54,342
N20000506,Lurgan_G3,Craigavon Area Hospital,6.40,502
N20000507,Lurgan_H3,Craigavon Area Hospital,11.86,660
N20000508,Lurgan_F5,Craigavon Area Hospital,6.45,388
N20000509,Lurgan_G4,Craigavon Area Hospital,5.86,334
N20000510,Lurgan_J1,Craigavon Area Hospital,9.02,619
N20000511,Lurgan_F6,Craigavon Area Hospital,5.69,535
N20000512,Lurgan_K1,Craigavon Area Hospital,6.16,513
N20000513,Lurgan_H4,Craigavon Area Hospital,11.71,384
N20000514,Lurgan_P1,Craigavon Area Hospital,7.72,487
N20000515,Lurgan_K2,Craigavon Area Hospital,6.53,526
N20000516,Lurgan_L1,Craigavon Area Hospital,5.73,473
N20000517,Lurgan_J2,Craigavon Area Hospital,8.90,494
N20000518,Lurgan_J3,Craigavon Area Hospital,9.27,458
N20000519,Lurgan_K3,Craigavon Area Hospital,6.81,315
N20000520,Lurgan_J4,Craigavon Area Hospital,8.47,677
N20000521,Lurgan_B4,Craigavon Area Hospital,12.28,675
N20000522,Lurgan_N1,Craigavon Area Hospital,4.95,497
N20000523,Lurgan_P2,Craigavon Area Hospital,7.41,447
N20000524,Lurgan_L2,Craigavon Area Hospital,5.41,521
N20000525,Lurgan_L3,Craigavon Area Hospital,6.53,410
N20000526,Lurgan_K4,Craigavon Area Hospital,7.05,340
N20000527,Lurgan_Q1,Craigavon Area Hospital,6.47,527
N20000528,Lurgan_R1,Craigavon Area Hospital,5.59,417
N20000529,Lurgan_P3,Craigavon Area Hospital,7.48,459
N20000530,Lurgan_N2,Craigavon Area Hospital,4.44,478
N20000531,Lurgan_P4,Craigavon Area Hospital,7.90,409
N20000532,Lurgan_R2,Craigavon Area Hospital,6.01,260
N20000533,Lurgan_P5,Craigavon Area Hospital,7.67,337
N20000534,Lurgan_Q2,Craigavon Area Hospital,6.19,389
N20000535,Lurgan_N3,Craigavon Area Hospital,5.72,481
N20000536,Lurgan_R3,Craigavon Area Hospital,6.00,851
N20000537,Lurgan_S1,Craigavon Area Hospital,7.42,497
N20000538,Lurgan_N4,Craigavon Area Hospital,5.57,689
N20000539,Lurgan_Q3,Craigavon Area Hospital,7.62,432
N20000540,Lurgan_Q4,Craigavon Area Hospital,6.15,453
N20000541,Lurgan_R4,Craigavon Area Hospital,5.60,486
N20000542,Lurgan_S2,Craigavon Area Hospital,7.74,494
N20000543,Lurgan_R5,Craigavon Area Hospital,5.16,509
N20000544,Lurgan_T1,Craigavon Area Hospital,5.71,540
N20000545,Lurgan_S3,Craigavon Area Hospital,7.96,450
N20000546,Lurgan_T2,Craigavon Area Hospital,5.76,297
N20000547,Lurgan_S4,Craigavon Area Hospital,7.87,548
N20000548,Lurgan_T3,Craigavon Area Hospital,8.02,488
N20000549,Lurgan_S5,Craigavon Area Hospital,8.09,638
N20000550,Lurgan_T4,Craigavon Area Hospital,8.36,498
N20000551,Lagan_River_C1,Craigavon Area Hospital,11.76,624
N20000552,Lagan_River_A1,Craigavon Area Hospital,9.72,624
N20000553,Lagan_River_G1,Craigavon Area Hospital,9.02,711
N20000554,Lagan_River_A2,Craigavon Area Hospital,9.66,477
N20000555,Lagan_River_A3,Craigavon Area Hospital,10.91,513
N20000556,Lagan_River_A4,Craigavon Area Hospital,10.06,321
N20000557,Lagan_River_B1,Craigavon Area Hospital,10.59,440
N20000558,Lagan_River_B2,Craigavon Area Hospital,10.49,715
N20000559,Lagan_River_C2,Craigavon Area Hospital,13.24,462
N20000560,Lagan_River_J1,Craigavon Area Hospital,17.91,322
N20000561,Lagan_River_B3,Craigavon Area Hospital,11.03,776
N20000562,Lagan_River_C3,Craigavon Area Hospital,14.96,435
N20000563,Lagan_River_K1,Craigavon Area Hospital,21.81,701
N20000564,Lagan_River_E1,Craigavon Area Hospital,14.36,560
N20000565,Lagan_River_D1,Craigavon Area Hospital,21.57,572
N20000566,Lagan_River_F1,Craigavon Area Hospital,20.83,498
N20000567,Lagan_River_E2,Craigavon Area Hospital,14.70,684
N20000568,Lagan_River_D2,Craigavon Area Hospital,22.25,535
N20000569,Lagan_River_G2,Craigavon Area Hospital,7.95,684
N20000570,Lagan_River_F2,Craigavon Area Hospital,23.12,434
N20000571,Lagan_River_D3,Craigavon Area Hospital,23.26,620
N20000572,Lagan_River_E3,Craigavon Area Hospital,14.56,733
N20000573,Lagan_River_F3,Craigavon Area Hospital,20.21,727
N20000574,Lagan_River_F4,Craigavon Area Hospital,20.96,726
N20000575,Lagan_River_F5,Craigavon Area Hospital,21.04,594
N20000576,Lagan_River_H1,Craigavon Area Hospital,21.32,597
N20000577,Lagan_River_H2,Craigavon Area Hospital,21.39,488
N20000578,Lagan_River_H3,Craigavon Area Hospital,21.30,603
N20000579,Lagan_River_J2,Craigavon Area Hospital,19.26,608
N20000580,Lagan_River_G3,Craigavon Area Hospital,11.67,796
N20000581,Lagan_River_G4,Craigavon Area Hospital,16.30,421
N20000582,Lagan_River_K2,Craigavon Area Hospital,25.53,650
N20000583,Lagan_River_K3,Craigavon Area Hospital,22.93,517
N20000584,Lagan_River_L1,Craigavon Area Hospital,29.26,684
N20000585,Lagan_River_J3,Craigavon Area Hospital,17.59,479
N20000586,Lagan_River_J4,Craigavon Area Hospital,23.06,546
N20000587,Lagan_River_L2,Craigavon Area Hospital,29.51,746
N20000588,Lagan_River_K4,Craigavon Area Hospital,25.41,556
N20000589,Lagan_River_N1,Craigavon Area Hospital,32.91,457
N20000590,Lagan_River_N2,Daisy Hill Hospital,33.59,454
N20000591,Lagan_River_N3,Daisy Hill Hospital,36.28,451
N20000592,Lagan_River_N4,Craigavon Area Hospital,29.15,654
N20000593,Lagan_River_N5,Daisy Hill Hospital,26.70,609
N20000594,Banbridge_A1,Craigavon Area Hospital,8.97,410
N20000595,Banbridge_A2,Craigavon Area Hospital,9.74,614
N20000596,Banbridge_A3,Craigavon Area Hospital,12.52,454
N20000597,Banbridge_A4,Craigavon Area Hospital,13.03,336
N20000598,Banbridge_B1,Craigavon Area Hospital,9.02,496
N20000599,Banbridge_A5,Craigavon Area Hospital,13.98,491
N20000600,Banbridge_B2,Craigavon Area Hospital,9.90,542
N20000601,Banbridge_B3,Craigavon Area Hospital,9.39,446
N20000602,Banbridge_B4,Craigavon Area Hospital,10.16,473
N20000603,Banbridge_D1,Craigavon Area Hospital,15.60,605
N20000604,Banbridge_C1,Craigavon Area Hospital,16.08,301
N20000605,Banbridge_F1,Craigavon Area Hospital,14.75,391
N20000606,Banbridge_F2,Craigavon Area Hospital,13.43,400
N20000607,Banbridge_D2,Craigavon Area Hospital,16.56,305
N20000608,Banbridge_C2,Craigavon Area Hospital,18.11,449
N20000609,Banbridge_C3,Craigavon Area Hospital,18.45,632
N20000610,Banbridge_C4,Craigavon Area Hospital,16.82,543
N20000611,Banbridge_D3,Craigavon Area Hospital,16.96,411
N20000612,Banbridge_E1,Craigavon Area Hospital,17.66,456
N20000613,Banbridge_E2,Craigavon Area Hospital,18.21,328
N20000614,Banbridge_L1,Craigavon Area Hospital,22.24,782
N20000615,Banbridge_D4,Craigavon Area Hospital,17.31,412
N20000616,Banbridge_D5,Craigavon Area Hospital,17.98,343
N20000617,Banbridge_E3,Craigavon Area Hospital,17.77,330
N20000618,Banbridge_E4,Craigavon Area Hospital,17.63,420
N20000619,Banbridge_D6,Craigavon Area Hospital,17.38,390
N20000620,Banbridge_E5,Craigavon Area Hospital,17.68,613
N20000621,Banbridge_H1,Craigavon Area Hospital,17.08,801
N20000622,Banbridge_D7,Craigavon Area Hospital,17.85,460
N20000623,Banbridge_J1,Craigavon Area Hospital,20.27,530
N20000624,Banbridge_G1,Craigavon Area Hospital,18.85,298
N20000625,Banbridge_H2,Craigavon Area Hospital,17.23,529
N20000626,Banbridge_J2,Craigavon Area Hospital,19.89,464
N20000627,Banbridge_H3,Craigavon Area Hospital,18.55,526
N20000628,Banbridge_J3,Craigavon Area Hospital,19.72,465
N20000629,Banbridge_F3,Craigavon Area Hospital,12.83,474
N20000630,Banbridge_G2,Craigavon Area Hospital,18.74,402
N20000631,Banbridge_E6,Craigavon Area Hospital,18.45,377
N20000632,Banbridge_G3,Craigavon Area Hospital,18.73,430
N20000633,Banbridge_J4,Craigavon Area Hospital,19.69,406
N20000634,Banbridge_G4,Craigavon Area Hospital,19.14,395
N20000635,Banbridge_J5,Craigavon Area Hospital,19.98,646
N20000636,Banbridge_H4,Craigavon Area Hospital,19.12,570
N20000637,Banbridge_K1,Craigavon Area Hospital,19.12,574
N20000638,Banbridge_K2,Craigavon Area Hospital,19.48,481
N20000639,Banbridge_H5,Craigavon Area Hospital,19.13,530
N20000640,Banbridge_K3,Craigavon Area Hospital,19.80,723
N20000641,Banbridge_K4,Craigavon Area Hospital,19.96,730
N20000642,Banbridge_F4,Craigavon Area Hospital,17.15,420
N20000643,Banbridge_K5,Daisy Hill Hospital,19.79,526
N20000644,Banbridge_F5,Craigavon Area Hospital,14.56,389
N20000645,Banbridge_L2,Craigavon Area Hospital,23.40,657
N20000646,Banbridge_N1,Craigavon Area Hospital,17.71,557
N20000647,Banbridge_N2,Daisy Hill Hospital,15.86,523
N20000648,Banbridge_L3,Daisy Hill Hospital,20.09,605
N20000649,Banbridge_N3,Daisy Hill Hospital,17.21,777
N20000650,Banbridge_P1,Daisy Hill Hospital,25.58,391
N20000651,Banbridge_P2,Daisy Hill Hospital,23.17,762
N20000652,Banbridge_N4,Daisy Hill Hospital,14.17,580
N20000653,Banbridge_L4,Daisy Hill Hospital,18.02,688
N20000654,Banbridge_N5,Daisy Hill Hospital,12.21,481
N20000655,Banbridge_P3,Daisy Hill Hospital,24.73,436
N20000656,Banbridge_P4,Daisy Hill Hospital,22.84,302
N20000657,Banbridge_L5,Daisy Hill Hospital,18.51,668
N20000658,Banbridge_P5,Daisy Hill Hospital,18.54,505
N20000659,Banbridge_Q1,Daisy Hill Hospital,16.93,418
N20000660,Banbridge_Q2,Daisy Hill Hospital,16.82,580
N20000661,Banbridge_Q3,Daisy Hill Hospital,17.40,564
N20000662,Banbridge_Q4,Daisy Hill Hospital,16.45,462
N20000663,Banbridge_Q5,Daisy Hill Hospital,16.81,468
N20000664,Cusher_E1,Craigavon Area Hospital,7.77,611
N20000665,Cusher_E2,Craigavon Area Hospital,9.42,489
N20000666,Cusher_B1,Craigavon Area Hospital,11.61,432
N20000667,Cusher_A1,Craigavon Area Hospital,8.69,348
N20000668,Cusher_B2,Craigavon Area Hospital,12.94,224
N20000669,Cusher_B3,Craigavon Area Hospital,11.92,470
N20000670,Cusher_A2,Craigavon Area Hospital,9.30,484
N20000671,Cusher_B4,Craigavon Area Hospital,12.94,673
N20000672,Cusher_D1,Craigavon Area Hospital,10.23,328
N20000673,Cusher_B5,Craigavon Area Hospital,12.49,593
N20000674,Cusher_E3,Craigavon Area Hospital,14.78,546
N20000675,Cusher_A3,Craigavon Area Hospital,9.76,578
N20000676,Cusher_D2,Craigavon Area Hospital,13.29,675
N20000677,Cusher_B6,Craigavon Area Hospital,12.84,348
N20000678,Cusher_C1,Craigavon Area Hospital,11.08,607
N20000679,Cusher_C2,Craigavon Area Hospital,11.29,771
N20000680,Cusher_C3,Craigavon Area Hospital,12.00,454
N20000681,Cusher_E4,Craigavon Area Hospital,14.70,661
N20000682,Cusher_F1,Craigavon Area Hospital,11.72,494
N20000683,Cusher_F2,Craigavon Area Hospital,12.92,422
N20000684,Cusher_F3,Craigavon Area Hospital,11.76,380
N20000685,Cusher_D3,Craigavon Area Hospital,12.91,775
N20000686,Cusher_F4,Craigavon Area Hospital,12.44,418
N20000687,Cusher_G1,Craigavon Area Hospital,15.62,506
N20000688,Cusher_E5,Craigavon Area Hospital,20.42,667
N20000689,Cusher_G2,Craigavon Area Hospital,17.11,704
N20000690,Cusher_G3,Craigavon Area Hospital,17.84,603
N20000691,Cusher_G4,Craigavon Area Hospital,14.89,534
N20000692,Cusher_H1,Daisy Hill Hospital,17.15,845
N20000693,Cusher_K1,Craigavon Area Hospital,26.47,476
N20000694,Cusher_H2,Daisy Hill Hospital,16.63,715
N20000695,Cusher_K2,Daisy Hill Hospital,18.34,704
N20000696,Cusher_J1,Daisy Hill Hospital,18.57,423
N20000697,Cusher_J2,Daisy Hill Hospital,18.86,635
N20000698,Cusher_J3,Daisy Hill Hospital,17.82,248
N20000699,Cusher_K3,Craigavon Area Hospital,23.32,562
N20000700,Cusher_J4,Daisy Hill Hospital,18.32,600
N20000701,Cusher_L1,Daisy Hill Hospital,27.71,748
N20000702,Cusher_K4,Daisy Hill Hospital,21.94,500
N20000703,Cusher_K5,Daisy Hill Hospital,17.36,614
N20000704,Cusher_H3,Daisy Hill Hospital,13.57,399
N20000705,Cusher_L2,Craigavon Area Hospital,30.40,456
N20000706,Cusher_L3,Daisy Hill Hospital,24.50,767
N20000707,Cusher_L4,Daisy Hill Hospital,28.44,536
N20000708,Cusher_H4,Daisy Hill Hospital,13.98,565
N20000709,Cusher_K6,Daisy Hill Hospital,22.71,736
N20000710,Cusher_L5,Daisy Hill Hospital,30.25,874
N20000711,Oldpark_A1,Mater Hospital,5.55,764
N20000712,Oldpark_A2,Mater Hospital,5.63,475
N20000713,Oldpark_A3,Mater Hospital,5.44,584
N20000714,Oldpark_B1,Mater Hospital,3.47,248
N20000715,Oldpark_D1,Mater Hospital,4.31,581
N20000716,Oldpark_C1,Mater Hospital,3.43,626
N20000717,Oldpark_B2,Mater Hospital,3.19,590
N20000718,Oldpark_B3,Mater Hospital,3.88,447
N20000719,Oldpark_A4,Mater Hospital,3.92,526
N20000720,Oldpark_B4,Mater Hospital,3.62,389
N20000721,Oldpark_A5,Mater Hospital,3.57,359
N20000722,Oldpark_C2,Mater Hospital,3.09,412
N20000723,Oldpark_C3,Mater Hospital,3.08,570
N20000724,Oldpark_D2,Mater Hospital,4.04,446
N20000725,Oldpark_D3,Mater Hospital,3.77,372
N20000726,Oldpark_E1,Mater Hospital,2.56,536
N20000727,Oldpark_C4,Mater Hospital,2.74,390
N20000728,Oldpark_F1,Mater Hospital,3.36,427
N20000729,Oldpark_E2,Mater Hospital,3.29,359
N20000730,Oldpark_F2,Mater Hospital,3.20,702
N20000731,Oldpark_D4,Mater Hospital,3.52,728
N20000732,Oldpark_E3,Mater Hospital,2.23,516
N20000733,Oldpark_E4,Mater Hospital,2.60,590
N20000734,Oldpark_G1,Mater Hospital,2.05,358
N20000735,Oldpark_G2,Mater Hospital,1.97,518
N20000736,Oldpark_F3,Mater Hospital,2.99,426
N20000737,Oldpark_K1,Mater Hospital,2.88,491
N20000738,Oldpark_G3,Mater Hospital,1.74,467
N20000739,Oldpark_E5,Mater Hospital,2.42,309
N20000740,Oldpark_H1,Mater Hospital,1.89,437
N20000741,Oldpark_G4,Mater Hospital,1.68,448
N20000742,Oldpark_K2,Mater Hospital,2.36,387
N20000743,Oldpark_J1,Mater Hospital,1.53,448
N20000744,Oldpark_J2,Mater Hospital,2.15,494
N20000745,Oldpark_G5,Mater Hospital,1.58,401
N20000746,Oldpark_N1,Mater Hospital,1.65,673
N20000747,Oldpark_L1,Mater Hospital,1.40,389
N20000748,Oldpark_H2,Mater Hospital,1.52,687
N20000749,Oldpark_N2,Mater Hospital,1.28,648
N20000750,Oldpark_L2,Mater Hospital,1.13,529
N20000751,Oldpark_H3,Mater Hospital,1.50,427
N20000752,Oldpark_J3,Mater Hospital,1.51,395
N20000753,Oldpark_K3,Mater Hospital,1.96,487
N20000754,Oldpark_R1,Mater Hospital,1.29,220
N20000755,Oldpark_N3,Mater Hospital,1.37,502
N20000756,Oldpark_K4,Mater Hospital,1.95,463
N20000757,Oldpark_L3,Mater Hospital,0.89,441
N20000758,Oldpark_Q1,Mater Hospital,1.49,562
N20000759,Oldpark_R2,Mater Hospital,1.15,429
N20000760,Oldpark_P1,Mater Hospital,1.77,414
N20000761,Oldpark_L4,Mater Hospital,1.03,529
N20000762,Oldpark_P2,Mater Hospital,1.60,377
N20000763,Oldpark_L5,Mater Hospital,0.88,374
N20000764,Oldpark_R3,Mater Hospital,0.95,395
N20000765,Oldpark_Q2,Mater Hospital,1.32,370
N20000766,Oldpark_R4,Mater Hospital,0.84,325
N20000767,Oldpark_N4,Mater Hospital,0.94,563
N20000768,Oldpark_P3,Mater Hospital,1.40,484
N20000769,Oldpark_R5,Mater Hospital,0.80,483
N20000770,Oldpark_Q3,Mater Hospital,0.95,579
N20000771,Oldpark_S1,Mater Hospital,0.72,417
N20000772,Oldpark_U1,Mater Hospital,0.69,221
N20000773,Oldpark_T1,Mater Hospital,1.12,425
N20000774,Oldpark_U2,Mater Hospital,0.68,227
N20000775,Oldpark_R6,Mater Hospital,0.18,441
N20000776,Oldpark_Q4,Mater Hospital,0.68,535
N20000777,Oldpark_S2,Mater Hospital,0.63,225
N20000778,Oldpark_S3,Mater Hospital,0.57,254
N20000779,Oldpark_T2,Mater Hospital,0.98,345
N20000780,Oldpark_S4,Mater Hospital,0.87,161
N20000781,Oldpark_T3,Mater Hospital,0.93,419
N20000782,Oldpark_S5,Mater Hospital,0.59,401
N20000783,Oldpark_U3,Mater Hospital,0.41,581
N20000784,Oldpark_T4,Mater Hospital,0.78,383
N20000785,Oldpark_U4,Mater Hospital,0.66,470
N20000786,Oldpark_U5,Mater Hospital,0.73,277
N20000787,Castle_A1,Mater Hospital,6.50,517
N20000788,Castle_A2,Mater Hospital,6.95,735
N20000789,Castle_A3,Mater Hospital,5.57,450
N20000790,Castle_B1,Mater Hospital,6.13,472
N20000791,Castle_B2,Mater Hospital,5.02,504
N20000792,Castle_B3,Mater Hospital,5.70,438
N20000793,Castle_B4,Mater Hospital,5.79,525
N20000794,Castle_C1,Mater Hospital,5.43,570
N20000795,Castle_C2,Mater Hospital,5.03,649
N20000796,Castle_D1,Mater Hospital,4.18,713
N20000797,Castle_C3,Mater Hospital,4.38,531
N20000798,Castle_E1,Mater Hospital,4.48,499
N20000799,Castle_D2,Mater Hospital,3.86,562
N20000800,Castle_E2,Mater Hospital,4.38,596
N20000801,Castle_E3,Mater Hospital,4.13,500
N20000802,Castle_F1,Mater Hospital,3.61,526
N20000803,Castle_F2,Mater Hospital,3.62,544
N20000804,Castle_H1,Mater Hospital,3.43,344
N20000805,Castle_G1,Mater Hospital,3.88,571
N20000806,Castle_G2,Mater Hospital,3.73,478
N20000807,Castle_J1,Mater Hospital,3.31,604
N20000808,Castle_D3,Mater Hospital,3.55,521
N20000809,Castle_G3,Mater Hospital,3.69,559
N20000810,Castle_H2,Mater Hospital,3.84,428
N20000811,Castle_H3,Mater Hospital,3.83,644
N20000812,Castle_F3,Mater Hospital,3.21,318
N20000813,Castle_H4,Mater Hospital,3.59,247
N20000814,Castle_J2,Mater Hospital,3.11,338
N20000815,Castle_J3,Mater Hospital,2.98,371
N20000816,Castle_J4,Mater Hospital,3.15,613
N20000817,Castle_H5,Mater Hospital,2.98,749
N20000818,Castle_L1,Mater Hospital,2.81,442
N20000819,Castle_G4,Mater Hospital,3.82,356
N20000820,Castle_G5,Mater Hospital,3.71,442
N20000821,Castle_K1,Mater Hospital,3.25,318
N20000822,Castle_L2,Mater Hospital,2.73,244
N20000823,Castle_K2,Mater Hospital,3.19,501
N20000824,Castle_L3,Mater Hospital,2.58,636
N20000825,Castle_Q1,Mater Hospital,4.47,320
N20000826,Castle_N1,Mater Hospital,2.40,308
N20000827,Castle_J5,Mater Hospital,2.70,516
N20000828,Castle_K3,Mater Hospital,2.95,340
N20000829,Castle_K4,Mater Hospital,2.87,327
N20000830,Castle_L4,Mater Hospital,2.43,376
N20000831,Castle_N2,Mater Hospital,2.29,523
N20000832,Castle_N3,Mater Hospital,2.29,309
N20000833,Castle_R1,Mater Hospital,2.24,521
N20000834,Castle_L5,Mater Hospital,2.34,341
N20000835,Castle_P1,Mater Hospital,2.69,722
N20000836,Castle_R2,Mater Hospital,2.10,496
N20000837,Castle_P2,Mater Hospital,2.69,574
N20000838,Castle_R3,Mater Hospital,2.17,463
N20000839,Castle_R4,Mater Hospital,1.92,359
N20000840,Castle_R5,Mater Hospital,1.92,380
N20000841,Castle_S1,Mater Hospital,1.79,892
N20000842,Castle_T1,Mater Hospital,2.26,320
N20000843,Castle_S2,Mater Hospital,1.73,344
N20000844,Castle_T2,Mater Hospital,2.24,520
N20000845,Castle_S3,Mater Hospital,1.90,344
N20000846,Castle_U1,Mater Hospital,1.68,413
N20000847,Castle_T3,Mater Hospital,1.79,313
N20000848,Castle_U2,Mater Hospital,1.96,477
N20000849,Castle_U3,Mater Hospital,1.17,574
N20000850,Castle_T4,Mater Hospital,1.64,282
N20000851,Castle_U4,Mater Hospital,1.96,467
N20000852,Castle_U5,Mater Hospital,1.72,440
N20000853,Castle_T5,Mater Hospital,1.31,532
N20000854,Castle_Q2,Mater Hospital,1.55,329
N20000855,Castle_Q3,Mater Hospital,1.17,"1,498"
N20000856,Titanic_A1,Mater Hospital,5.75,443
N20000857,Titanic_B1,Mater Hospital,3.00,568
N20000858,Titanic_A2,Mater Hospital,5.32,431
N20000859,Titanic_A3,Mater Hospital,4.55,376
N20000860,Titanic_C1,Mater Hospital,4.12,491
N20000861,Titanic_C2,Mater Hospital,5.16,412
N20000862,Titanic_C3,Mater Hospital,4.15,471
N20000863,Titanic_C4,Mater Hospital,5.13,319
N20000864,Titanic_C5,Mater Hospital,3.97,192
N20000865,Titanic_D1,Mater Hospital,4.86,395
N20000866,Titanic_D2,Mater Hospital,4.00,400
N20000867,Titanic_E1,Mater Hospital,3.71,393
N20000868,Titanic_D3,Mater Hospital,4.44,375
N20000869,Titanic_D4,Mater Hospital,4.73,388
N20000870,Titanic_F1,Mater Hospital,3.29,407
N20000871,Titanic_E2,Mater Hospital,4.20,399
N20000872,Titanic_D5,Mater Hospital,4.41,460
N20000873,Titanic_F2,Mater Hospital,2.94,327
N20000874,Titanic_F3,Mater Hospital,3.35,312
N20000875,Titanic_E3,Mater Hospital,3.53,458
N20000876,Titanic_G1,Mater Hospital,4.37,256
N20000877,Titanic_F4,Mater Hospital,3.12,528
N20000878,Titanic_J1,Mater Hospital,3.92,351
N20000879,Titanic_E4,Mater Hospital,4.08,265
N20000880,Titanic_F5,Mater Hospital,3.42,419
N20000881,Titanic_G2,Ulster Hospital,4.62,467
N20000882,Titanic_B2,Mater Hospital,2.04,499
N20000883,Titanic_G3,Mater Hospital,4.31,373
N20000884,Titanic_B3,Mater Hospital,2.89,304
N20000885,Titanic_B4,Mater Hospital,2.41,389
N20000886,Titanic_H1,Mater Hospital,2.63,455
N20000887,Titanic_H2,Mater Hospital,2.64,637
N20000888,Titanic_J2,Mater Hospital,4.07,523
N20000889,Titanic_K1,Mater Hospital,4.37,282
N20000890,Titanic_K2,Ulster Hospital,4.37,479
N20000891,Titanic_J3,Mater Hospital,3.80,371
N20000892,Titanic_N1,Mater Hospital,3.18,523
N20000893,Titanic_L1,Mater Hospital,3.05,519
N20000894,Titanic_H3,Mater Hospital,2.94,548
N20000895,Titanic_K3,Mater Hospital,4.17,232
N20000896,Titanic_H4,Mater Hospital,3.04,730
N20000897,Titanic_K4,Mater Hospital,4.37,411
N20000898,Titanic_Q1,Mater Hospital,4.51,270
N20000899,Titanic_J4,Mater Hospital,4.49,444
N20000900,Titanic_N2,Mater Hospital,3.77,357
N20000901,Titanic_L2,Mater Hospital,3.43,356
N20000902,Titanic_R1,Ulster Hospital,4.32,606
N20000903,Titanic_N3,Mater Hospital,3.55,429
N20000904,Titanic_P1,Mater Hospital,2.95,514
N20000905,Titanic_L3,Mater Hospital,3.33,407
N20000906,Titanic_J5,Mater Hospital,4.34,216
N20000907,Titanic_Q2,Mater Hospital,4.52,403
N20000908,Titanic_S1,Mater Hospital,3.38,430
N20000909,Titanic_R2,Mater Hospital,4.45,693
N20000910,Titanic_L4,Mater Hospital,3.56,385
N20000911,Titanic_N4,Mater Hospital,4.30,277
N20000912,Titanic_P2,Mater Hospital,3.10,349
N20000913,Titanic_S2,Mater Hospital,3.30,319
N20000914,Titanic_T1,Mater Hospital,3.81,342
N20000915,Titanic_T2,Mater Hospital,4.01,280
N20000916,Titanic_Q3,Mater Hospital,4.53,402
N20000917,Titanic_Q4,Mater Hospital,4.32,435
N20000918,Titanic_P3,Mater Hospital,3.25,335
N20000919,Titanic_T3,Mater Hospital,3.59,421
N20000920,Titanic_Q5,Ulster Hospital,5.03,326
N20000921,Titanic_T4,Mater Hospital,3.72,309
N20000922,Titanic_S3,Mater Hospital,3.42,420
N20000923,Titanic_R3,Ulster Hospital,4.96,372
N20000924,Titanic_P4,Mater Hospital,3.35,486
N20000925,Titanic_U1,Mater Hospital,3.80,238
N20000926,Titanic_X1,Ulster Hospital,5.15,321
N20000927,Titanic_W1,Mater Hospital,3.96,586
N20000928,Titanic_S4,Mater Hospital,3.38,303
N20000929,Titanic_R4,Ulster Hospital,5.14,320
N20000930,Titanic_U2,Mater Hospital,3.78,237
N20000931,Titanic_T5,Mater Hospital,3.71,508
N20000932,Titanic_W2,Mater Hospital,4.02,352
N20000933,Titanic_U3,Mater Hospital,3.89,398
N20000934,Titanic_Y1,Mater Hospital,3.49,487
N20000935,Titanic_X2,Mater Hospital,5.05,449
N20000936,Titanic_W3,Mater Hospital,4.04,519
N20000937,Titanic_X3,Mater Hospital,4.33,470
N20000938,Titanic_U4,Mater Hospital,3.93,306
N20000939,Titanic_Y2,Mater Hospital,3.62,348
N20000940,Titanic_Z1,Mater Hospital,4.04,323
N20000941,Titanic_Z2,Mater Hospital,3.97,629
N20000942,Titanic_Y3,Mater Hospital,3.75,428
N20000943,Titanic_Z3,Mater Hospital,4.15,367
N20000944,Titanic_Y4,Mater Hospital,3.86,366
N20000945,Ormiston_B1,Ulster Hospital,6.14,385
N20000946,Ormiston_A1,Ulster Hospital,6.00,322
N20000947,Ormiston_A2,Ulster Hospital,5.78,374
N20000948,Ormiston_B2,Ulster Hospital,5.75,381
N20000949,Ormiston_A3,Ulster Hospital,5.54,579
N20000950,Ormiston_B3,Ulster Hospital,5.32,485
N20000951,Ormiston_A4,Ulster Hospital,5.21,289
N20000952,Ormiston_C1,Ulster Hospital,5.41,439
N20000953,Ormiston_C2,Ulster Hospital,4.93,572
N20000954,Ormiston_A5,Ulster Hospital,4.93,336
N20000955,Ormiston_C3,Ulster Hospital,5.51,394
N20000956,Ormiston_B4,Ulster Hospital,4.81,828
N20000957,Ormiston_D1,Mater Hospital,5.63,443
N20000958,Ormiston_D2,Mater Hospital,5.42,666
N20000959,Ormiston_F1,Ulster Hospital,4.19,498
N20000960,Ormiston_C4,Ulster Hospital,5.34,538
N20000961,Ormiston_D3,Ulster Hospital,4.17,454
N20000962,Ormiston_D4,Mater Hospital,5.15,656
N20000963,Ormiston_F2,Ulster Hospital,3.94,332
N20000964,Ormiston_E1,Mater Hospital,4.87,389
N20000965,Ormiston_C5,Ulster Hospital,5.06,529
N20000966,Ormiston_E2,Ulster Hospital,4.71,422
N20000967,Ormiston_F3,Ulster Hospital,3.33,495
N20000968,Ormiston_E3,Ulster Hospital,4.30,532
N20000969,Ormiston_E4,Ulster Hospital,4.52,595
N20000970,Ormiston_G1,Ulster Hospital,4.09,519
N20000971,Ormiston_F4,Ulster Hospital,3.58,536
N20000972,Ormiston_H1,Ulster Hospital,4.04,204
N20000973,Ormiston_H2,Ulster Hospital,3.83,329
N20000974,Ormiston_G2,Ulster Hospital,3.06,437
N20000975,Ormiston_G3,Ulster Hospital,3.41,597
N20000976,Ormiston_H3,Ulster Hospital,3.88,499
N20000977,Ormiston_J1,Ulster Hospital,1.43,425
N20000978,Ormiston_J2,Ulster Hospital,1.89,373
N20000979,Ormiston_N1,Ulster Hospital,2.20,536
N20000980,Ormiston_L1,Ulster Hospital,0.70,523
N20000981,Ormiston_J3,Ulster Hospital,1.78,476
N20000982,Ormiston_F5,Ulster Hospital,2.59,621
N20000983,Ormiston_G4,Ulster Hospital,3.36,597
N20000984,Ormiston_H4,Ulster Hospital,4.49,557
N20000985,Ormiston_H5,Ulster Hospital,4.07,283
N20000986,Ormiston_J4,Ulster Hospital,2.65,330
N20000987,Ormiston_K1,Ulster Hospital,4.53,493
N20000988,Ormiston_N2,Ulster Hospital,3.41,700
N20000989,Ormiston_L2,Ulster Hospital,2.29,438
N20000990,Ormiston_K2,Ulster Hospital,4.77,381
N20000991,Ormiston_J5,Ulster Hospital,2.61,355
N20000992,Ormiston_P1,Ulster Hospital,2.97,395
N20000993,Ormiston_K3,Ulster Hospital,4.20,545
N20000994,Ormiston_K4,Ulster Hospital,4.70,570
N20000995,Ormiston_R1,Ulster Hospital,4.09,782
N20000996,Ormiston_L3,Ulster Hospital,2.47,431
N20000997,Ormiston_N3,Ulster Hospital,3.66,661
N20000998,Ormiston_P2,Ulster Hospital,3.16,370
N20000999,Ormiston_L4,Ulster Hospital,2.23,273
N20001000,Ormiston_Q1,Ulster Hospital,4.22,359
N20001001,Ormiston_N4,Ulster Hospital,3.52,466
N20001002,Ormiston_P3,Ulster Hospital,2.71,262
N20001003,Ormiston_Q2,Ulster Hospital,4.08,337
N20001004,Ormiston_L5,Ulster Hospital,2.46,460
N20001005,Ormiston_R2,Ulster Hospital,3.71,537
N20001006,Ormiston_P4,Ulster Hospital,4.42,653
N20001007,Ormiston_S1,Ulster Hospital,4.79,769
N20001008,Ormiston_P5,Ulster Hospital,4.10,561
N20001009,Ormiston_Q3,Ulster Hospital,4.44,430
N20001010,Ormiston_R3,Ulster Hospital,4.26,439
N20001011,Ormiston_S2,Ulster Hospital,4.28,567
N20001012,Ormiston_T1,Ulster Hospital,4.46,290
N20001013,Ormiston_S3,Ulster Hospital,4.43,548
N20001014,Ormiston_T2,Ulster Hospital,4.54,502
N20001015,Ormiston_T3,Ulster Hospital,5.86,615
N20001016,Ormiston_T4,Ulster Hospital,6.02,656
N20001017,Lisnasharragh_B1,Ulster Hospital,5.04,320
N20001018,Lisnasharragh_A1,Mater Hospital,4.17,250
N20001019,Lisnasharragh_A2,Mater Hospital,4.26,509
N20001020,Lisnasharragh_B2,Mater Hospital,5.21,634
N20001021,Lisnasharragh_D1,Mater Hospital,4.30,455
N20001022,Lisnasharragh_B3,Mater Hospital,4.98,456
N20001023,Lisnasharragh_A3,Mater Hospital,4.56,448
N20001024,Lisnasharragh_C1,Mater Hospital,4.02,579
N20001025,Lisnasharragh_B4,Mater Hospital,4.80,264
N20001026,Lisnasharragh_D2,Mater Hospital,4.33,411
N20001027,Lisnasharragh_C2,Mater Hospital,4.05,364
N20001028,Lisnasharragh_A4,Mater Hospital,4.54,537
N20001029,Lisnasharragh_D3,Mater Hospital,4.46,337
N20001030,Lisnasharragh_C3,Mater Hospital,4.48,348
N20001031,Lisnasharragh_B5,Mater Hospital,5.01,326
N20001032,Lisnasharragh_D4,Mater Hospital,4.59,318
N20001033,Lisnasharragh_E1,Mater Hospital,4.97,544
N20001034,Lisnasharragh_B6,Ulster Hospital,5.43,560
N20001035,Lisnasharragh_F1,Mater Hospital,4.41,567
N20001036,Lisnasharragh_F2,Mater Hospital,4.85,404
N20001037,Lisnasharragh_F3,Mater Hospital,5.37,466
N20001038,Lisnasharragh_E2,Mater Hospital,5.16,546
N20001039,Lisnasharragh_G1,Ulster Hospital,4.87,561
N20001040,Lisnasharragh_N1,Ulster Hospital,5.46,616
N20001041,Lisnasharragh_H1,Mater Hospital,5.31,562
N20001042,Lisnasharragh_F4,Mater Hospital,4.84,477
N20001043,Lisnasharragh_J1,Ulster Hospital,5.82,265
N20001044,Lisnasharragh_H2,Mater Hospital,5.36,411
N20001045,Lisnasharragh_G2,Ulster Hospital,5.46,386
N20001046,Lisnasharragh_E3,Mater Hospital,5.42,781
N20001047,Lisnasharragh_G3,Ulster Hospital,5.63,554
N20001048,Lisnasharragh_J2,Ulster Hospital,5.97,304
N20001049,Lisnasharragh_N2,Ulster Hospital,5.62,359
N20001050,Lisnasharragh_N3,Ulster Hospital,5.39,584
N20001051,Lisnasharragh_J3,Ulster Hospital,5.89,439
N20001052,Lisnasharragh_N4,Ulster Hospital,5.69,429
N20001053,Lisnasharragh_L1,Royal Victoria Hospital,5.62,749
N20001054,Lisnasharragh_J4,Mater Hospital,5.69,483
N20001055,Lisnasharragh_H3,Mater Hospital,5.63,305
N20001056,Lisnasharragh_P1,Mater Hospital,5.74,613
N20001057,Lisnasharragh_K1,Royal Victoria Hospital,4.89,333
N20001058,Lisnasharragh_L2,Royal Victoria Hospital,5.69,554
N20001059,Lisnasharragh_K2,Royal Victoria Hospital,4.16,450
N20001060,Lisnasharragh_J5,Ulster Hospital,6.24,438
N20001061,Lisnasharragh_K3,Royal Victoria Hospital,4.54,577
N20001062,Lisnasharragh_K4,Royal Victoria Hospital,4.39,288
N20001063,Lisnasharragh_P2,Royal Victoria Hospital,5.33,633
N20001064,Lisnasharragh_K5,Royal Victoria Hospital,4.23,329
N20001065,Lisnasharragh_L3,Mater Hospital,5.81,546
N20001066,Lisnasharragh_Q1,Royal Victoria Hospital,4.48,624
N20001067,Lisnasharragh_N5,Ulster Hospital,6.34,363
N20001068,Lisnasharragh_P3,Mater Hospital,6.03,464
N20001069,Lisnasharragh_P4,Royal Victoria Hospital,5.30,465
N20001070,Lisnasharragh_Q2,Royal Victoria Hospital,4.88,668
N20001071,Lisnasharragh_R1,Royal Victoria Hospital,5.30,394
N20001072,Lisnasharragh_Q3,Royal Victoria Hospital,4.97,529
N20001073,Lisnasharragh_R2,Royal Victoria Hospital,5.09,548
N20001074,Lisnasharragh_N6,Ulster Hospital,6.33,445
N20001075,Lisnasharragh_P5,Mater Hospital,6.58,467
N20001076,Lisnasharragh_R3,Royal Victoria Hospital,6.37,611
N20001077,Lisnasharragh_R4,Ulster Hospital,8.21,632
N20001078,Lisnasharragh_R5,Royal Victoria Hospital,6.52,287
N20001079,Botanic_A1,Mater Hospital,1.50,353
N20001080,Botanic_A2,Royal Victoria Hospital,1.70,"1,466"
N20001081,Botanic_B1,Mater Hospital,2.41,374
N20001082,Botanic_B2,Mater Hospital,2.32,404
N20001083,Botanic_B3,Mater Hospital,2.23,449
N20001084,Botanic_A3,Royal Victoria Hospital,1.36,774
N20001085,Botanic_A4,Royal Victoria Hospital,2.13,555
N20001086,Botanic_B4,Mater Hospital,2.29,399
N20001087,Botanic_C1,Royal Victoria Hospital,1.95,901
N20001088,Botanic_C2,Royal Victoria Hospital,1.86,471
N20001089,Botanic_A5,Royal Victoria Hospital,1.70,226
N20001090,Botanic_C3,Royal Victoria Hospital,2.03,627
N20001091,Botanic_D1,Royal Victoria Hospital,2.59,381
N20001092,Botanic_E1,Royal Victoria Hospital,1.58,475
N20001093,Botanic_F1,Royal Victoria Hospital,2.08,401
N20001094,Botanic_D2,Royal Victoria Hospital,2.59,378
N20001095,Botanic_F2,Royal Victoria Hospital,2.44,541
N20001096,Botanic_E2,Royal Victoria Hospital,2.05,453
N20001097,Botanic_C4,Royal Victoria Hospital,2.32,315
N20001098,Botanic_E3,Royal Victoria Hospital,2.91,372
N20001099,Botanic_H1,Royal Victoria Hospital,2.02,332
N20001100,Botanic_F3,Royal Victoria Hospital,2.51,398
N20001101,Botanic_D3,Royal Victoria Hospital,2.75,502
N20001102,Botanic_F4,Royal Victoria Hospital,2.62,300
N20001103,Botanic_H2,Royal Victoria Hospital,2.16,504
N20001104,Botanic_G1,Royal Victoria Hospital,3.15,481
N20001105,Botanic_H3,Royal Victoria Hospital,2.81,332
N20001106,Botanic_E4,Royal Victoria Hospital,2.95,507
N20001107,Botanic_H4,Royal Victoria Hospital,2.33,424
N20001108,Botanic_F5,Royal Victoria Hospital,2.43,218
N20001109,Botanic_D4,Royal Victoria Hospital,2.95,554
N20001110,Botanic_H5,Royal Victoria Hospital,2.27,285
N20001111,Botanic_G2,Royal Victoria Hospital,3.36,382
N20001112,Botanic_H6,Royal Victoria Hospital,2.37,513
N20001113,Botanic_J1,Royal Victoria Hospital,2.95,478
N20001114,Botanic_J2,Royal Victoria Hospital,3.03,427
N20001115,Botanic_K1,Royal Victoria Hospital,2.69,621
N20001116,Botanic_G3,Royal Victoria Hospital,3.12,338
N20001117,Botanic_G4,Royal Victoria Hospital,2.03,321
N20001118,Botanic_N1,Royal Victoria Hospital,3.11,484
N20001119,Botanic_J3,Royal Victoria Hospital,2.46,411
N20001120,Botanic_J4,Royal Victoria Hospital,3.05,593
N20001121,Botanic_P1,Mater Hospital,4.09,631
N20001122,Botanic_L1,Royal Victoria Hospital,2.69,252
N20001123,Botanic_H7,Royal Victoria Hospital,2.55,443
N20001124,Botanic_L2,Royal Victoria Hospital,2.87,617
N20001125,Botanic_K2,Royal Victoria Hospital,2.97,333
N20001126,Botanic_K3,Royal Victoria Hospital,3.08,653
N20001127,Botanic_N2,Royal Victoria Hospital,3.24,532
N20001128,Botanic_U1,Royal Victoria Hospital,2.16,254
N20001129,Botanic_K4,Royal Victoria Hospital,3.36,423
N20001130,Botanic_N3,Royal Victoria Hospital,3.20,538
N20001131,Botanic_N4,Royal Victoria Hospital,3.27,598
N20001132,Botanic_L3,Royal Victoria Hospital,2.69,507
N20001133,Botanic_L4,Royal Victoria Hospital,3.04,782
N20001134,Botanic_N5,Royal Victoria Hospital,3.29,580
N20001135,Botanic_R1,Royal Victoria Hospital,2.85,616
N20001136,Botanic_Q1,Royal Victoria Hospital,2.73,487
N20001137,Botanic_R2,Royal Victoria Hospital,2.96,475
N20001138,Botanic_T1,Royal Victoria Hospital,3.50,465
N20001139,Botanic_R3,Royal Victoria Hospital,3.10,645
N20001140,Botanic_S1,Royal Victoria Hospital,3.28,556
N20001141,Botanic_T2,Royal Victoria Hospital,3.62,314
N20001142,Botanic_Q2,Royal Victoria Hospital,2.84,621
N20001143,Botanic_R4,Royal Victoria Hospital,3.14,547
N20001144,Botanic_S2,Royal Victoria Hospital,3.45,524
N20001145,Botanic_P2,Royal Victoria Hospital,3.79,221
N20001146,Botanic_T3,Royal Victoria Hospital,3.73,273
N20001147,Botanic_T4,Royal Victoria Hospital,3.69,416
N20001148,Botanic_R5,Royal Victoria Hospital,3.47,427
N20001149,Botanic_U2,Royal Victoria Hospital,3.00,642
N20001150,Botanic_W1,Royal Victoria Hospital,3.80,392
N20001151,Botanic_Q3,Royal Victoria Hospital,3.08,543
N20001152,Botanic_S3,Royal Victoria Hospital,3.61,344
N20001153,Botanic_Q4,Royal Victoria Hospital,3.26,638
N20001154,Botanic_W2,Royal Victoria Hospital,3.88,306
N20001155,Botanic_W3,Royal Victoria Hospital,3.97,436
N20001156,Botanic_S4,Royal Victoria Hospital,3.49,677
N20001157,Botanic_Q5,Royal Victoria Hospital,3.26,408
N20001158,Botanic_P3,Royal Victoria Hospital,4.11,434
N20001159,Botanic_W4,Royal Victoria Hospital,4.09,437
N20001160,Botanic_W5,Royal Victoria Hospital,3.96,321
N20001161,Botanic_U3,Royal Victoria Hospital,3.86,411
N20001162,Botanic_X1,Royal Victoria Hospital,3.53,"2,149"
N20001163,Botanic_T5,Royal Victoria Hospital,3.91,328
N20001164,Botanic_W6,Royal Victoria Hospital,4.11,524
N20001165,Botanic_P4,Royal Victoria Hospital,4.29,478
N20001166,Botanic_P5,Royal Victoria Hospital,4.98,551
N20001167,Botanic_X2,Royal Victoria Hospital,3.89,670
N20001168,Botanic_Y1,Royal Victoria Hospital,3.29,499
N20001169,Botanic_X3,Royal Victoria Hospital,3.95,527
N20001170,Botanic_Y2,Royal Victoria Hospital,3.33,464
N20001171,Botanic_X4,Royal Victoria Hospital,4.24,293
N20001172,Botanic_Y3,Royal Victoria Hospital,4.29,"1,015"
N20001173,Botanic_Y4,Royal Victoria Hospital,4.42,418
N20001174,Botanic_Y5,Royal Victoria Hospital,4.43,571
N20001175,Botanic_Z1,Royal Victoria Hospital,4.98,344
N20001176,Botanic_Z2,Royal Victoria Hospital,4.52,437
N20001177,Botanic_Z3,Royal Victoria Hospital,4.97,484
N20001178,Botanic_Z4,Royal Victoria Hospital,4.89,541
N20001179,Balmoral_A1,Royal Victoria Hospital,4.19,268
N20001180,Balmoral_A2,Royal Victoria Hospital,4.19,288
N20001181,Balmoral_A3,Royal Victoria Hospital,4.42,280
N20001182,Balmoral_A4,Royal Victoria Hospital,4.38,470
N20001183,Balmoral_A5,Royal Victoria Hospital,4.52,453
N20001184,Balmoral_B1,Royal Victoria Hospital,3.62,743
N20001185,Balmoral_A6,Royal Victoria Hospital,4.71,508
N20001186,Balmoral_B2,Royal Victoria Hospital,4.21,535
N20001187,Balmoral_F1,Royal Victoria Hospital,5.21,254
N20001188,Balmoral_F2,Royal Victoria Hospital,5.26,348
N20001189,Balmoral_E1,Royal Victoria Hospital,4.70,435
N20001190,Balmoral_D1,Royal Victoria Hospital,4.59,498
N20001191,Balmoral_C1,Royal Victoria Hospital,4.39,431
N20001192,Balmoral_D2,Royal Victoria Hospital,4.84,520
N20001193,Balmoral_E2,Royal Victoria Hospital,5.12,352
N20001194,Balmoral_C2,Royal Victoria Hospital,4.68,343
N20001195,Balmoral_D3,Royal Victoria Hospital,5.26,682
N20001196,Balmoral_E3,Royal Victoria Hospital,5.50,404
N20001197,Balmoral_D4,Royal Victoria Hospital,4.94,436
N20001198,Balmoral_E4,Royal Victoria Hospital,6.13,496
N20001199,Balmoral_E5,Royal Victoria Hospital,5.41,542
N20001200,Balmoral_F3,Royal Victoria Hospital,6.47,458
N20001201,Balmoral_C3,Royal Victoria Hospital,5.08,471
N20001202,Balmoral_H1,Royal Victoria Hospital,5.28,393
N20001203,Balmoral_G1,Royal Victoria Hospital,5.45,466
N20001204,Balmoral_H2,Royal Victoria Hospital,5.47,479
N20001205,Balmoral_G2,Royal Victoria Hospital,5.40,366
N20001206,Balmoral_G3,Royal Victoria Hospital,5.48,154
N20001207,Balmoral_C4,Royal Victoria Hospital,6.36,324
N20001208,Balmoral_J1,Royal Victoria Hospital,6.76,560
N20001209,Balmoral_H3,Royal Victoria Hospital,5.49,396
N20001210,Balmoral_G4,Royal Victoria Hospital,5.73,493
N20001211,Balmoral_J2,Royal Victoria Hospital,6.86,464
N20000008,Dunsilly_A5,Royal Victoria Hospital,6.14,642
N20001213,Balmoral_G5,Royal Victoria Hospital,5.84,344
N20001214,Balmoral_J3,Royal Victoria Hospital,6.76,428
N20001215,Balmoral_N1,Royal Victoria Hospital,5.71,657
N20001216,Balmoral_J4,Royal Victoria Hospital,6.84,290
N20001217,Balmoral_F4,Royal Victoria Hospital,6.86,563
N20001218,Balmoral_L1,Royal Victoria Hospital,6.48,371
N20001219,Balmoral_J5,Royal Victoria Hospital,6.11,424
N20001220,Balmoral_N2,Royal Victoria Hospital,5.99,534
N20001221,Balmoral_N3,Royal Victoria Hospital,6.14,443
N20001222,Balmoral_K1,Royal Victoria Hospital,7.42,382
N20001223,Balmoral_K2,Royal Victoria Hospital,7.39,623
N20001224,Balmoral_F5,Royal Victoria Hospital,7.51,392
N20001225,Balmoral_K3,Royal Victoria Hospital,7.85,238
N20001226,Balmoral_L2,Royal Victoria Hospital,6.64,424
N20001227,Balmoral_K4,Royal Victoria Hospital,7.79,271
N20001228,Balmoral_P1,Royal Victoria Hospital,7.64,361
N20001229,Balmoral_P2,Royal Victoria Hospital,8.09,418
N20001230,Balmoral_L3,Royal Victoria Hospital,6.78,625
N20001231,Balmoral_L4,Royal Victoria Hospital,6.96,553
N20001232,Balmoral_P3,Royal Victoria Hospital,7.92,608
N20001233,Balmoral_N4,Royal Victoria Hospital,7.38,492
N20001234,Balmoral_P4,Royal Victoria Hospital,8.54,468
N20001235,Collin_A1,Royal Victoria Hospital,4.36,320
N20001236,Collin_A2,Royal Victoria Hospital,4.59,704
N20001237,Collin_D1,Royal Victoria Hospital,4.80,433
N20001238,Collin_A3,Royal Victoria Hospital,4.45,265
N20001239,Collin_B1,Royal Victoria Hospital,7.09,670
N20001240,Collin_C1,Royal Victoria Hospital,4.94,532
N20001241,Collin_E1,Royal Victoria Hospital,7.65,615
N20001242,Collin_C2,Royal Victoria Hospital,5.21,729
N20001243,Collin_E2,Royal Victoria Hospital,7.51,718
N20001244,Collin_D2,Royal Victoria Hospital,4.59,794
N20001245,Collin_A4,Royal Victoria Hospital,4.46,440
N20001246,Collin_F1,Royal Victoria Hospital,5.52,723
N20001247,Collin_D3,Royal Victoria Hospital,5.04,481
N20001248,Collin_E3,Royal Victoria Hospital,7.40,465
N20001249,Collin_C3,Royal Victoria Hospital,5.31,648
N20001250,Collin_F2,Royal Victoria Hospital,5.96,407
N20001251,Collin_D4,Royal Victoria Hospital,5.02,695
N20001252,Collin_E4,Royal Victoria Hospital,6.52,546
N20001253,Collin_J1,Royal Victoria Hospital,4.86,737
N20001254,Collin_F3,Royal Victoria Hospital,5.55,656
N20001255,Collin_B2,Royal Victoria Hospital,7.25,753
N20001256,Collin_G1,Royal Victoria Hospital,6.26,482
N20001257,Collin_G2,Royal Victoria Hospital,6.46,597
N20001258,Collin_H1,Royal Victoria Hospital,6.80,980
N20001259,Collin_K1,Royal Victoria Hospital,6.32,721
N20001260,Collin_J2,Royal Victoria Hospital,5.48,505
N20001261,Collin_B3,Royal Victoria Hospital,7.45,856
N20001262,Collin_G3,Royal Victoria Hospital,6.75,448
N20001263,Collin_G4,Royal Victoria Hospital,6.67,598
N20001264,Collin_H2,Royal Victoria Hospital,7.32,823
N20001265,Collin_H3,Royal Victoria Hospital,6.74,514
N20001266,Collin_G5,Royal Victoria Hospital,6.95,605
N20001267,Collin_L1,Royal Victoria Hospital,8.64,575
N20001268,Collin_B4,Royal Victoria Hospital,8.26,623
N20001269,Collin_K2,Royal Victoria Hospital,6.83,516
N20001270,Collin_K3,Royal Victoria Hospital,7.34,346
N20001271,Collin_H4,Royal Victoria Hospital,7.18,446
N20001272,Collin_N1,Royal Victoria Hospital,7.07,648
N20001273,Collin_L2,Royal Victoria Hospital,9.62,388
N20001274,Collin_P1,Royal Victoria Hospital,7.35,391
N20001275,Collin_J3,Royal Victoria Hospital,6.55,394
N20001276,Collin_K4,Royal Victoria Hospital,7.17,494
N20001277,Collin_N2,Royal Victoria Hospital,7.20,738
N20001278,Collin_L3,Royal Victoria Hospital,8.46,554
N20001279,Collin_L4,Royal Victoria Hospital,9.64,605
N20001280,Collin_J4,Royal Victoria Hospital,6.77,311
N20001281,Collin_R1,Royal Victoria Hospital,7.03,313
N20001282,Collin_Q1,Royal Victoria Hospital,7.32,516
N20001283,Collin_P2,Royal Victoria Hospital,7.61,359
N20001284,Collin_N3,Royal Victoria Hospital,7.37,645
N20001285,Collin_P3,Royal Victoria Hospital,7.60,335
N20001286,Collin_P4,Royal Victoria Hospital,7.45,308
N20001287,Collin_Q2,Royal Victoria Hospital,7.55,409
N20001288,Collin_P5,Royal Victoria Hospital,7.95,517
N20001289,Collin_R2,Royal Victoria Hospital,7.23,398
N20001290,Collin_Q3,Royal Victoria Hospital,7.64,"1,131"
N20001291,Collin_N4,Royal Victoria Hospital,9.09,576
N20001292,Collin_R3,Royal Victoria Hospital,6.91,569
N20001293,Collin_P6,Royal Victoria Hospital,8.29,368
N20001294,Collin_R4,Royal Victoria Hospital,7.26,231
N20001295,Collin_Q4,Royal Victoria Hospital,7.90,340
N20001296,Collin_R5,Royal Victoria Hospital,6.87,401
N20001297,Black_Mountain_A1,Royal Victoria Hospital,2.40,481
N20000010,Dunsilly_B3,Royal Victoria Hospital,3.13,544
N20001299,Black_Mountain_A3,Royal Victoria Hospital,2.55,495
N20001300,Black_Mountain_B1,Royal Victoria Hospital,2.11,634
N20001301,Black_Mountain_A4,Royal Victoria Hospital,2.55,736
N20001302,Black_Mountain_A5,Royal Victoria Hospital,2.84,497
N20001303,Black_Mountain_B2,Royal Victoria Hospital,2.06,488
N20001304,Black_Mountain_B3,Royal Victoria Hospital,0.47,543
N20001305,Black_Mountain_B4,Royal Victoria Hospital,2.10,541
N20001306,Black_Mountain_A6,Royal Victoria Hospital,2.78,291
N20001307,Black_Mountain_C1,Royal Victoria Hospital,0.68,586
N20001308,Black_Mountain_D1,Royal Victoria Hospital,3.20,848
N20001309,Black_Mountain_D2,Royal Victoria Hospital,7.48,896
N20001310,Black_Mountain_E1,Royal Victoria Hospital,2.80,614
N20001311,Black_Mountain_C2,Royal Victoria Hospital,0.42,395
N20001312,Black_Mountain_C3,Royal Victoria Hospital,0.74,414
N20001313,Black_Mountain_E2,Royal Victoria Hospital,2.16,535
N20001314,Black_Mountain_E3,Royal Victoria Hospital,1.07,652
N20001315,Black_Mountain_C4,Royal Victoria Hospital,0.55,468
N20001316,Black_Mountain_E4,Royal Victoria Hospital,0.96,526
N20001317,Black_Mountain_F1,Royal Victoria Hospital,3.39,516
N20001318,Black_Mountain_J1,Royal Victoria Hospital,0.94,475
N20001319,Black_Mountain_J2,Royal Victoria Hospital,1.08,338
N20001320,Black_Mountain_F2,Royal Victoria Hospital,1.86,468
N20001321,Black_Mountain_J3,Royal Victoria Hospital,1.18,591
N20001322,Black_Mountain_J4,Royal Victoria Hospital,1.59,453
N20001323,Black_Mountain_H1,Royal Victoria Hospital,3.64,347
N20001324,Black_Mountain_J5,Royal Victoria Hospital,1.43,516
N20001325,Black_Mountain_F3,Royal Victoria Hospital,3.35,758
N20001326,Black_Mountain_F4,Royal Victoria Hospital,3.15,669
N20001327,Black_Mountain_G1,Royal Victoria Hospital,2.25,434
N20001328,Black_Mountain_H2,Royal Victoria Hospital,3.32,609
N20001329,Black_Mountain_G2,Royal Victoria Hospital,2.35,303
N20001330,Black_Mountain_G3,Royal Victoria Hospital,2.13,410
N20001331,Black_Mountain_G4,Royal Victoria Hospital,2.59,503
N20001332,Black_Mountain_K1,Royal Victoria Hospital,4.76,485
N20001333,Black_Mountain_G5,Royal Victoria Hospital,2.30,448
N20001334,Black_Mountain_G6,Royal Victoria Hospital,2.92,703
N20001335,Black_Mountain_K2,Royal Victoria Hospital,3.37,316
N20001336,Black_Mountain_J6,Royal Victoria Hospital,2.70,251
N20001337,Black_Mountain_H3,Royal Victoria Hospital,2.85,421
N20001338,Black_Mountain_K3,Royal Victoria Hospital,4.09,373
N20001339,Black_Mountain_K4,Royal Victoria Hospital,3.26,683
N20001340,Black_Mountain_H4,Royal Victoria Hospital,3.06,437
N20001341,Black_Mountain_D3,Royal Victoria Hospital,5.61,321
N20001342,Black_Mountain_L1,Royal Victoria Hospital,2.92,579
N20001343,Black_Mountain_N1,Royal Victoria Hospital,3.61,432
N20001344,Black_Mountain_N2,Royal Victoria Hospital,3.86,322
N20001345,Black_Mountain_L2,Royal Victoria Hospital,3.10,483
N20001346,Black_Mountain_P1,Royal Victoria Hospital,4.61,510
N20001347,Black_Mountain_H5,Royal Victoria Hospital,3.00,314
N20001348,Black_Mountain_N3,Royal Victoria Hospital,4.62,461
N20001349,Black_Mountain_N4,Royal Victoria Hospital,4.58,410
N20001350,Black_Mountain_R1,Royal Victoria Hospital,3.05,437
N20001351,Black_Mountain_D4,Royal Victoria Hospital,5.56,631
N20001352,Black_Mountain_L3,Royal Victoria Hospital,4.03,535
N20001353,Black_Mountain_N5,Royal Victoria Hospital,4.59,289
N20001354,Black_Mountain_L4,Royal Victoria Hospital,3.35,430
N20001355,Black_Mountain_N6,Royal Victoria Hospital,4.27,476
N20001356,Black_Mountain_Q1,Royal Victoria Hospital,4.59,667
N20001357,Black_Mountain_L5,Royal Victoria Hospital,3.72,411
N20001358,Black_Mountain_P2,Royal Victoria Hospital,4.67,585
N20001359,Black_Mountain_P3,Royal Victoria Hospital,4.96,556
N20001360,Black_Mountain_P4,Royal Victoria Hospital,5.25,427
N20001361,Black_Mountain_R2,Royal Victoria Hospital,3.59,541
N20001362,Black_Mountain_Q2,Royal Victoria Hospital,4.45,499
N20001363,Black_Mountain_Q3,Royal Victoria Hospital,4.65,625
N20001364,Black_Mountain_R3,Royal Victoria Hospital,3.61,593
N20001365,Black_Mountain_P5,Royal Victoria Hospital,4.88,484
N20001366,Black_Mountain_R4,Royal Victoria Hospital,4.24,411
N20001367,Black_Mountain_R5,Royal Victoria Hospital,4.29,401
N20001368,Black_Mountain_R6,Royal Victoria Hospital,4.19,252
N20001369,Court_C1,Mater Hospital,3.51,475
N20001370,Court_A1,Mater Hospital,2.85,524
N20001371,Court_A2,Mater Hospital,2.59,462
N20001372,Court_C2,Mater Hospital,2.85,336
N20001373,Court_A3,Mater Hospital,2.37,588
N20001374,Court_B1,Mater Hospital,1.84,477
N20001375,Court_B2,Mater Hospital,1.88,583
N20001376,Court_C3,Mater Hospital,1.96,209
N20001377,Court_B3,Mater Hospital,1.90,386
N20001378,Court_C4,Mater Hospital,3.59,557
N20001379,Court_J1,Mater Hospital,2.08,490
N20001380,Court_E1,Royal Victoria Hospital,2.88,647
N20001381,Court_D1,Mater Hospital,1.20,743
N20001382,Court_B4,Mater Hospital,2.09,424
N20001383,Court_D2,Mater Hospital,0.71,587
N20001384,Court_F1,Mater Hospital,2.21,596
N20001385,Court_D3,Mater Hospital,1.00,366
N20001386,Court_E2,Royal Victoria Hospital,2.88,394
N20001387,Court_G1,Mater Hospital,0.50,420
N20000011,Dunsilly_D1,Royal Victoria Hospital,4.11,525
N20001389,Court_G2,Mater Hospital,0.13,562
N20001390,Court_H1,Mater Hospital,0.67,603
N20001391,Court_E4,Royal Victoria Hospital,2.67,446
N20001392,Court_E5,Royal Victoria Hospital,2.70,408
N20001393,Court_H2,Mater Hospital,1.48,210
N20001394,Court_F2,Mater Hospital,2.00,344
N20001395,Court_G3,Mater Hospital,0.72,293
N20001396,Court_K1,Mater Hospital,0.60,431
N20001397,Court_H3,Mater Hospital,1.66,457
N20001398,Court_K2,Mater Hospital,0.83,363
N20001399,Court_H4,Mater Hospital,1.30,561
N20001400,Court_F3,Mater Hospital,1.84,256
N20001401,Court_J2,Royal Victoria Hospital,2.66,685
N20000012,Dunsilly_D2,Royal Victoria Hospital,3.70,503
N20001403,Court_L2,Royal Victoria Hospital,2.39,280
N20001404,Court_J3,Royal Victoria Hospital,1.04,407
N20001405,Court_L3,Royal Victoria Hospital,2.43,523
N20001406,Court_K3,Mater Hospital,1.17,326
N20001407,Court_N1,Mater Hospital,1.69,347
N20001408,Court_P1,Mater Hospital,1.59,332
N20001409,Court_K4,Mater Hospital,1.09,228
N20001410,Court_S1,Mater Hospital,1.29,299
N20001411,Court_P2,Mater Hospital,1.50,444
N20001412,Court_K5,Mater Hospital,1.17,273
N20001413,Court_N2,Royal Victoria Hospital,1.03,569
N20001414,Court_Q1,Mater Hospital,1.07,339
N20001415,Court_P3,Mater Hospital,1.37,329
N20000013,Dunsilly_F1,Royal Victoria Hospital,3.11,407
N20001417,Court_R2,Royal Victoria Hospital,2.17,388
N20001418,Court_Q2,Mater Hospital,1.21,413
N20001419,Court_N3,Royal Victoria Hospital,0.75,426
N20001420,Court_N4,Royal Victoria Hospital,0.86,338
N20001421,Court_S2,Royal Victoria Hospital,0.94,450
N20001422,Court_J4,Royal Victoria Hospital,1.58,355
N20001423,Court_Q3,Royal Victoria Hospital,1.06,242
N20001424,Court_R3,Royal Victoria Hospital,1.92,635
N20001425,Court_U1,Royal Victoria Hospital,0.47,289
N20001426,Court_P4,Royal Victoria Hospital,0.41,398
N20001427,Court_U2,Royal Victoria Hospital,0.61,624
N20001428,Court_T1,Royal Victoria Hospital,1.54,574
N20001429,Court_W1,Royal Victoria Hospital,0.93,565
N20001430,Court_Q4,Royal Victoria Hospital,1.55,294
N20001431,Court_S3,Royal Victoria Hospital,0.73,318
N20001432,Court_S4,Royal Victoria Hospital,0.52,308
N20001433,Court_W2,Royal Victoria Hospital,1.10,423
N20001434,Court_U3,Royal Victoria Hospital,0.38,354
N20001435,Court_X1,Royal Victoria Hospital,0.43,347
N20001436,Court_T2,Royal Victoria Hospital,2.00,374
N20001437,Court_S5,Royal Victoria Hospital,0.22,419
N20001438,Court_W3,Royal Victoria Hospital,0.68,417
N20001439,Court_X2,Royal Victoria Hospital,0.29,577
N20001440,Court_S6,Royal Victoria Hospital,0.45,397
N20001441,Court_X3,Royal Victoria Hospital,0.34,527
N20001442,Court_T3,Royal Victoria Hospital,0.45,489
N20001443,Court_X4,Royal Victoria Hospital,0.17,366
N20001444,Court_W4,Royal Victoria Hospital,1.17,640
N20001445,Court_X5,Royal Victoria Hospital,1.85,394
N20001446,Benbradagh_B1,Altnagelvin,22.79,501
N20001447,Benbradagh_A1,Altnagelvin,20.26,370
N20001448,Benbradagh_A2,Altnagelvin,19.88,258
N20001449,Benbradagh_A3,Altnagelvin,21.65,467
N20001450,Benbradagh_A4,Altnagelvin,21.16,560
N20001451,Benbradagh_A5,Altnagelvin,22.04,306
N20001452,Benbradagh_A6,Altnagelvin,20.07,572
N20001453,Benbradagh_A7,Altnagelvin,20.73,472
N20001454,Benbradagh_C1,Altnagelvin,14.24,526
N20001455,Benbradagh_C2,Altnagelvin,15.42,334
N20001456,Benbradagh_C3,Altnagelvin,15.02,605
N20001457,Benbradagh_B2,Causeway Area Hospital,26.45,479
N20001458,Benbradagh_D1,Altnagelvin,20.29,514
N20001459,Benbradagh_B3,Causeway Area Hospital,24.01,872
N20001460,Benbradagh_D2,Altnagelvin,13.33,390
N20001461,Benbradagh_D3,Altnagelvin,24.86,534
N20001462,Benbradagh_D4,Altnagelvin,19.68,640
N20001463,Benbradagh_D5,Altnagelvin,24.77,322
N20001464,Benbradagh_E1,Causeway Area Hospital,31.01,497
N20001465,Benbradagh_D6,Altnagelvin,19.43,575
N20001466,Benbradagh_G1,Causeway Area Hospital,25.25,801
N20001467,Benbradagh_E2,Altnagelvin,29.99,315
N20001468,Benbradagh_E3,Altnagelvin,31.26,688
N20001469,Benbradagh_F1,Altnagelvin,27.41,673
N20001470,Benbradagh_F2,Altnagelvin,27.88,333
N20001471,Benbradagh_F3,Altnagelvin,27.61,358
N20001472,Benbradagh_E4,Altnagelvin,18.76,455
N20001473,Benbradagh_F4,Altnagelvin,27.77,644
N20001474,Benbradagh_F5,Altnagelvin,27.50,325
N20001475,Benbradagh_F6,Altnagelvin,28.28,521
N20001476,Benbradagh_F7,Altnagelvin,28.57,492
N20001477,Benbradagh_E5,Altnagelvin,22.68,651
N20001478,Benbradagh_G2,Altnagelvin,33.03,626
N20001479,Benbradagh_E6,Altnagelvin,21.90,702
N20001480,Benbradagh_G3,Altnagelvin,26.69,440
N20001481,Limavady_A1,Causeway Area Hospital,21.16,"1,020"
N20001482,Limavady_A2,Causeway Area Hospital,18.88,714
N20001483,Limavady_A3,Causeway Area Hospital,22.18,393
N20001484,Limavady_A4,Altnagelvin,26.98,733
N20001485,Limavady_F1,Causeway Area Hospital,15.64,460
N20001486,Limavady_B1,Causeway Area Hospital,21.94,417
N20001487,Limavady_C1,Causeway Area Hospital,21.79,395
N20001488,Limavady_B2,Causeway Area Hospital,22.44,190
N20001489,Limavady_C2,Causeway Area Hospital,21.30,671
N20001490,Limavady_B3,Causeway Area Hospital,22.57,354
N20001491,Limavady_D1,Causeway Area Hospital,20.95,673
N20001492,Limavady_D2,Causeway Area Hospital,20.55,418
N20001493,Limavady_B4,Causeway Area Hospital,22.90,267
N20001494,Limavady_C3,Causeway Area Hospital,21.88,451
N20001495,Limavady_E1,Causeway Area Hospital,22.13,273
N20001496,Limavady_E2,Causeway Area Hospital,22.65,260
N20001497,Limavady_D3,Causeway Area Hospital,21.27,556
N20001498,Limavady_E3,Causeway Area Hospital,22.59,473
N20001499,Limavady_C4,Causeway Area Hospital,21.59,307
N20001500,Limavady_E4,Causeway Area Hospital,22.42,221
N20001501,Limavady_D4,Causeway Area Hospital,20.98,697
N20001502,Limavady_C5,Causeway Area Hospital,21.53,444
N20001503,Limavady_D5,Causeway Area Hospital,21.43,424
N20001504,Limavady_E5,Causeway Area Hospital,22.12,557
N20001505,Limavady_G1,Causeway Area Hospital,22.16,558
N20001506,Limavady_D6,Causeway Area Hospital,21.18,465
N20001507,Limavady_E6,Causeway Area Hospital,22.86,513
N20001508,Limavady_G2,Causeway Area Hospital,22.38,730
N20001509,Limavady_E7,Causeway Area Hospital,22.83,442
N20001510,Limavady_G3,Causeway Area Hospital,22.52,520
N20001511,Limavady_F2,Causeway Area Hospital,19.66,626
N20001512,Limavady_F3,Causeway Area Hospital,24.18,456
N20001513,Limavady_F4,Causeway Area Hospital,25.06,553
N20001514,Bann_A1,Causeway Area Hospital,11.54,719
N20001515,Bann_A2,Causeway Area Hospital,11.79,436
N20001516,Bann_B1,Causeway Area Hospital,8.18,635
N20001517,Bann_B2,Causeway Area Hospital,12.06,337
N20001518,Bann_B3,Causeway Area Hospital,4.98,858
N20001519,Bann_B4,Causeway Area Hospital,7.96,303
N20001520,Bann_B5,Causeway Area Hospital,11.85,650
N20001521,Bann_C1,Causeway Area Hospital,4.74,541
N20001522,Bann_C2,Causeway Area Hospital,6.93,349
N20001523,Bann_C3,Causeway Area Hospital,7.96,424
N20001524,Bann_C4,Causeway Area Hospital,2.55,517
N20001525,Bann_C5,Causeway Area Hospital,9.49,571
N20001526,Bann_D1,Causeway Area Hospital,5.50,471
N20001527,Bann_D2,Causeway Area Hospital,9.75,661
N20001528,Bann_D3,Causeway Area Hospital,9.67,664
N20001529,Bann_D4,Causeway Area Hospital,11.61,407
N20001530,Bann_E1,Causeway Area Hospital,14.35,748
N20001531,Bann_D5,Causeway Area Hospital,13.84,313
N20001532,Bann_D6,Causeway Area Hospital,14.83,592
N20001533,Bann_E2,Causeway Area Hospital,16.76,381
N20001534,Bann_D7,Causeway Area Hospital,17.19,421
N20001535,Bann_F1,Causeway Area Hospital,17.08,289
N20001536,Bann_F2,Causeway Area Hospital,18.05,379
N20001537,Bann_F3,Causeway Area Hospital,18.15,584
N20001538,Bann_G1,Causeway Area Hospital,22.30,553
N20001539,Bann_E3,Causeway Area Hospital,21.17,734
N20001540,Bann_H1,Causeway Area Hospital,23.39,537
N20001541,Bann_H2,Causeway Area Hospital,24.02,447
N20001542,Bann_G2,Causeway Area Hospital,20.99,882
N20001543,Bann_H3,Causeway Area Hospital,24.05,710
N20001544,Bann_G3,Causeway Area Hospital,23.15,592
N20001545,Bann_G4,Causeway Area Hospital,25.49,493
N20001546,Bann_G5,Causeway Area Hospital,23.95,337
N20001547,Coleraine_A1,Causeway Area Hospital,3.98,774
N20001548,Coleraine_B1,Causeway Area Hospital,4.13,724
N20001549,Coleraine_B2,Causeway Area Hospital,4.21,461
N20001550,Coleraine_A2,Causeway Area Hospital,3.52,473
N20001551,Coleraine_A3,Causeway Area Hospital,3.67,336
N20001552,Coleraine_C1,Causeway Area Hospital,3.22,447
N20001553,Coleraine_A4,Causeway Area Hospital,2.65,761
N20001554,Coleraine_A5,Causeway Area Hospital,2.93,483
N20001555,Coleraine_B3,Causeway Area Hospital,3.05,496
N20001556,Coleraine_C2,Causeway Area Hospital,2.51,297
N20001557,Coleraine_C3,Causeway Area Hospital,2.32,618
N20001558,Coleraine_B4,Causeway Area Hospital,2.71,541
N20001559,Coleraine_C4,Causeway Area Hospital,1.93,431
N20001560,Coleraine_B5,Causeway Area Hospital,3.29,508
N20001561,Coleraine_E1,Causeway Area Hospital,2.00,478
N20001562,Coleraine_D1,Causeway Area Hospital,2.36,358
N20001563,Coleraine_C5,Causeway Area Hospital,1.94,519
N20001564,Coleraine_E2,Causeway Area Hospital,2.18,411
N20001565,Coleraine_E3,Causeway Area Hospital,1.94,439
N20001566,Coleraine_C6,Causeway Area Hospital,1.67,312
N20001567,Coleraine_D2,Causeway Area Hospital,2.14,464
N20001568,Coleraine_F1,Causeway Area Hospital,2.48,459
N20001569,Coleraine_F2,Causeway Area Hospital,3.47,375
N20001570,Coleraine_D3,Causeway Area Hospital,1.49,466
N20001571,Coleraine_G1,Causeway Area Hospital,1.81,185
N20001572,Coleraine_E4,Causeway Area Hospital,2.20,549
N20001573,Coleraine_F3,Causeway Area Hospital,3.16,512
N20001574,Coleraine_G2,Causeway Area Hospital,2.06,607
N20001575,Coleraine_G3,Causeway Area Hospital,1.95,435
N20001576,Coleraine_G4,Causeway Area Hospital,1.43,401
N20001577,Coleraine_H1,Causeway Area Hospital,0.71,276
N20001578,Coleraine_G5,Causeway Area Hospital,1.70,299
N20001579,Coleraine_G6,Causeway Area Hospital,2.39,261
N20001580,Coleraine_F4,Causeway Area Hospital,2.65,545
N20001581,Coleraine_F5,Causeway Area Hospital,2.20,457
N20001582,Coleraine_H2,Causeway Area Hospital,0.61,470
N20001583,Coleraine_J1,Causeway Area Hospital,2.38,452
N20001584,Coleraine_J2,Causeway Area Hospital,1.57,367
N20001585,Coleraine_K1,Causeway Area Hospital,0.62,528
N20001586,Coleraine_H3,Causeway Area Hospital,1.17,435
N20001587,Coleraine_K2,Causeway Area Hospital,1.11,709
N20001588,Coleraine_J3,Causeway Area Hospital,2.21,377
N20001589,Coleraine_J4,Causeway Area Hospital,2.38,629
N20001590,Coleraine_H4,Causeway Area Hospital,1.00,473
N20001591,Coleraine_H5,Causeway Area Hospital,1.60,596
N20001592,Coleraine_J5,Causeway Area Hospital,2.59,422
N20001593,Coleraine_J6,Causeway Area Hospital,2.54,546
N20001594,Coleraine_H6,Causeway Area Hospital,1.49,527
N20001595,Coleraine_K3,Causeway Area Hospital,1.72,324
N20001596,Coleraine_K4,Causeway Area Hospital,2.56,608
N20001597,Causeway_A1,Causeway Area Hospital,19.35,715
N20001598,Causeway_A2,Causeway Area Hospital,15.01,325
N20001599,Causeway_B1,Causeway Area Hospital,9.39,373
N20001600,Causeway_C1,Causeway Area Hospital,14.03,303
N20001601,Causeway_C2,Causeway Area Hospital,13.63,356
N20001602,Causeway_J1,Causeway Area Hospital,15.23,353
N20001603,Causeway_B2,Causeway Area Hospital,9.75,373
N20001604,Causeway_B3,Causeway Area Hospital,10.06,539
N20001605,Causeway_C3,Causeway Area Hospital,14.19,339
N20001606,Causeway_C4,Causeway Area Hospital,14.34,249
N20001607,Causeway_D1,Causeway Area Hospital,9.47,447
N20001608,Causeway_D2,Causeway Area Hospital,9.60,318
N20001609,Causeway_E1,Causeway Area Hospital,9.12,338
N20001610,Causeway_D3,Causeway Area Hospital,9.02,535
N20001611,Causeway_E2,Causeway Area Hospital,8.96,529
N20001612,Causeway_D4,Causeway Area Hospital,8.68,482
N20001613,Causeway_E3,Causeway Area Hospital,8.86,565
N20001614,Causeway_E4,Causeway Area Hospital,8.50,487
N20001615,Causeway_E5,Causeway Area Hospital,9.09,666
N20001616,Causeway_F1,Causeway Area Hospital,9.54,560
N20001617,Causeway_J2,Causeway Area Hospital,10.38,493
N20001618,Causeway_E6,Causeway Area Hospital,9.36,496
N20001619,Causeway_A3,Causeway Area Hospital,18.37,388
N20001620,Causeway_F2,Causeway Area Hospital,8.84,363
N20001621,Causeway_G1,Causeway Area Hospital,9.01,470
N20001622,Causeway_G2,Causeway Area Hospital,8.83,435
N20001623,Causeway_F3,Causeway Area Hospital,8.22,473
N20001624,Causeway_F4,Causeway Area Hospital,8.61,423
N20001625,Causeway_F5,Causeway Area Hospital,8.04,250
N20001626,Causeway_G3,Causeway Area Hospital,8.39,460
N20001627,Causeway_K1,Causeway Area Hospital,9.22,639
N20001628,Causeway_H1,Causeway Area Hospital,9.12,288
N20001629,Causeway_G4,Causeway Area Hospital,8.08,291
N20001630,Causeway_G5,Causeway Area Hospital,7.76,463
N20001631,Causeway_H2,Causeway Area Hospital,7.75,466
N20001632,Causeway_H3,Causeway Area Hospital,8.68,632
N20001633,Causeway_G6,Causeway Area Hospital,7.48,534
N20001634,Causeway_K2,Causeway Area Hospital,6.33,620
N20001635,Causeway_H4,Causeway Area Hospital,7.21,608
N20001636,Causeway_J3,Causeway Area Hospital,14.57,507
N20001637,Causeway_H5,Causeway Area Hospital,7.37,489
N20001638,Causeway_H6,Causeway Area Hospital,6.84,651
N20001639,Causeway_L1,Causeway Area Hospital,17.29,556
N20001640,Causeway_K3,Causeway Area Hospital,5.11,471
N20001641,Causeway_J4,Causeway Area Hospital,8.83,279
N20001642,Causeway_L2,Causeway Area Hospital,14.83,496
N20001643,Causeway_J5,Causeway Area Hospital,14.97,367
N20001644,Causeway_K4,Causeway Area Hospital,6.18,717
N20001645,Causeway_L3,Causeway Area Hospital,16.50,532
N20001646,Causeway_L4,Causeway Area Hospital,15.70,288
N20001647,Causeway_K5,Causeway Area Hospital,3.01,537
N20001648,Causeway_L5,Causeway Area Hospital,12.80,299
N20001649,Causeway_L6,Causeway Area Hospital,16.85,354
N20001650,Causeway_L7,Causeway Area Hospital,13.82,360
N20000014,Dunsilly_D3,Causeway Area Hospital,41.28,506
N20001652,The_Glens_C1,Causeway Area Hospital,30.29,505
N20001653,The_Glens_A1,Causeway Area Hospital,30.85,640
N20001654,The_Glens_A2,Causeway Area Hospital,30.64,252
N20001655,The_Glens_A3,Causeway Area Hospital,30.60,579
N20001656,The_Glens_A4,Causeway Area Hospital,29.34,778
N20001657,The_Glens_B2,Causeway Area Hospital,29.59,332
N20001658,The_Glens_C2,Causeway Area Hospital,23.76,567
N20001659,The_Glens_B3,Causeway Area Hospital,30.28,361
N20001660,The_Glens_A5,Causeway Area Hospital,28.53,906
N20001661,The_Glens_B4,Causeway Area Hospital,29.23,334
N20001662,The_Glens_B5,Causeway Area Hospital,28.74,463
N20001663,The_Glens_B6,Causeway Area Hospital,28.43,607
N20001664,The_Glens_B7,Causeway Area Hospital,28.01,376
N20001665,The_Glens_C3,Causeway Area Hospital,37.00,558
N20001666,The_Glens_C4,Causeway Area Hospital,24.43,520
N20001667,The_Glens_E1,Causeway Area Hospital,44.85,428
N20001668,The_Glens_C5,Causeway Area Hospital,31.39,639
N20001669,The_Glens_D1,Causeway Area Hospital,21.22,481
N20001670,The_Glens_D2,Causeway Area Hospital,22.87,365
N20001671,The_Glens_D3,Causeway Area Hospital,24.10,422
N20001672,The_Glens_D4,Causeway Area Hospital,20.85,614
N20001673,The_Glens_E2,Causeway Area Hospital,49.02,588
N20001674,The_Glens_F1,Causeway Area Hospital,20.61,633
N20001675,The_Glens_E3,Causeway Area Hospital,39.62,599
N20001676,The_Glens_F2,Causeway Area Hospital,22.46,551
N20001677,The_Glens_E4,Causeway Area Hospital,44.88,307
N20001678,The_Glens_F3,Causeway Area Hospital,32.29,583
N20001679,The_Glens_G1,Causeway Area Hospital,45.56,366
N20001680,The_Glens_G2,Causeway Area Hospital,45.48,562
N20001681,The_Glens_F4,Causeway Area Hospital,25.47,521
N20001682,The_Glens_G3,Antrim Area Hospital,45.74,375
N20001683,The_Glens_F5,Causeway Area Hospital,29.62,801
N20001684,The_Glens_G4,Antrim Area Hospital,42.77,724
N20001685,Ballymoney_A1,Causeway Area Hospital,11.38,645
N20001686,Ballymoney_C1,Causeway Area Hospital,9.42,645
N20001687,Ballymoney_B1,Causeway Area Hospital,10.58,557
N20001688,Ballymoney_B2,Causeway Area Hospital,10.88,419
N20001689,Ballymoney_C2,Causeway Area Hospital,10.77,629
N20001690,Ballymoney_B3,Causeway Area Hospital,11.43,350
N20001691,Ballymoney_C3,Causeway Area Hospital,9.81,418
N20001692,Ballymoney_B4,Causeway Area Hospital,11.54,638
N20001693,Ballymoney_D1,Causeway Area Hospital,10.99,596
N20001694,Ballymoney_D2,Causeway Area Hospital,10.85,303
N20001695,Ballymoney_B5,Causeway Area Hospital,11.37,411
N20001696,Ballymoney_E1,Causeway Area Hospital,12.05,525
N20001697,Ballymoney_E2,Causeway Area Hospital,11.73,482
N20001698,Ballymoney_D3,Causeway Area Hospital,10.86,437
N20001699,Ballymoney_C4,Causeway Area Hospital,11.11,517
N20001700,Ballymoney_D4,Causeway Area Hospital,10.81,376
N20001701,Ballymoney_E3,Causeway Area Hospital,12.48,395
N20001702,Ballymoney_F1,Causeway Area Hospital,11.25,780
N20001703,Ballymoney_D5,Causeway Area Hospital,11.18,216
N20001704,Ballymoney_E4,Causeway Area Hospital,11.92,312
N20001705,Ballymoney_A2,Causeway Area Hospital,9.24,455
N20000015,Dunsilly_C2,Causeway Area Hospital,12.32,586
N20001707,Ballymoney_A3,Causeway Area Hospital,10.48,417
N20001708,Ballymoney_A4,Causeway Area Hospital,11.94,520
N20001709,Ballymoney_F2,Causeway Area Hospital,11.69,488
N20001710,Ballymoney_F3,Causeway Area Hospital,12.04,743
N20001711,Ballymoney_F4,Causeway Area Hospital,11.97,337
N20001712,Ballymoney_H1,Causeway Area Hospital,15.11,460
N20001713,Ballymoney_A5,Causeway Area Hospital,12.57,554
N20001714,Ballymoney_K1,Causeway Area Hospital,14.52,413
N20001715,Ballymoney_G1,Causeway Area Hospital,24.52,842
N20001716,Ballymoney_G2,Causeway Area Hospital,18.90,883
N20001717,Ballymoney_K2,Causeway Area Hospital,13.34,284
N20001718,Ballymoney_H2,Causeway Area Hospital,23.27,311
N20001719,Ballymoney_H3,Causeway Area Hospital,22.67,562
N20001720,Ballymoney_K3,Causeway Area Hospital,21.21,751
N20001721,Ballymoney_J1,Causeway Area Hospital,25.41,561
N20001722,Ballymoney_H4,Causeway Area Hospital,21.59,775
N20001723,Ballymoney_J2,Causeway Area Hospital,25.79,675
N20001724,Ballymoney_H5,Causeway Area Hospital,23.75,554
N20001725,Ballymoney_H6,Causeway Area Hospital,25.24,576
N20001726,Ballymoney_K4,Causeway Area Hospital,19.89,616
N20001727,Ballymoney_K5,Causeway Area Hospital,22.19,585
N20001728,Ballymoney_L1,Causeway Area Hospital,23.82,341
N20001729,Ballymoney_L2,Causeway Area Hospital,23.99,741
N20001730,Ballymoney_L3,Causeway Area Hospital,27.23,289
N20001731,Ballymoney_K6,Causeway Area Hospital,27.08,663
N20001732,The_Moor_H1,Altnagelvin,6.14,506
N20001733,The_Moor_H2,Altnagelvin,6.02,803
N20001734,The_Moor_A1,Altnagelvin,4.71,488
N20001735,The_Moor_B1,Altnagelvin,4.37,427
N20001736,The_Moor_A2,Altnagelvin,5.48,569
N20001737,The_Moor_B2,Altnagelvin,4.84,295
N20001738,The_Moor_B3,Altnagelvin,4.25,442
N20001739,The_Moor_A3,Altnagelvin,5.12,608
N20001740,The_Moor_B4,Altnagelvin,4.55,477
N20001741,The_Moor_C1,Altnagelvin,4.10,352
N20001742,The_Moor_A4,Altnagelvin,5.45,510
N20001743,The_Moor_C2,Altnagelvin,4.13,240
N20001744,The_Moor_A5,Altnagelvin,5.63,387
N20001745,The_Moor_C3,Altnagelvin,3.80,349
N20001746,The_Moor_B5,Altnagelvin,3.82,345
N20001747,The_Moor_B6,Altnagelvin,4.83,481
N20001748,The_Moor_B7,Altnagelvin,4.59,453
N20001749,The_Moor_D1,Altnagelvin,5.81,318
N20001750,The_Moor_C4,Altnagelvin,3.42,209
N20001751,The_Moor_F1,Altnagelvin,4.73,501
N20001752,The_Moor_D2,Altnagelvin,5.88,463
N20001753,The_Moor_E1,Altnagelvin,5.26,676
N20001754,The_Moor_G1,Altnagelvin,3.27,291
N20001755,The_Moor_D3,Altnagelvin,5.67,494
N20001756,The_Moor_G2,Altnagelvin,2.73,324
N20001757,The_Moor_D4,Altnagelvin,5.52,694
N20001758,The_Moor_F2,Altnagelvin,3.19,445
N20001759,The_Moor_F3,Altnagelvin,4.53,443
N20001760,The_Moor_D5,Altnagelvin,5.24,472
N20001761,The_Moor_G3,Altnagelvin,3.18,536
N20001762,The_Moor_E2,Altnagelvin,4.41,889
N20001763,The_Moor_D6,Altnagelvin,5.27,480
N20001764,The_Moor_G4,Altnagelvin,3.01,584
N20001765,The_Moor_F4,Altnagelvin,3.53,475
N20001766,The_Moor_F5,Altnagelvin,3.78,363
N20001767,The_Moor_H3,Altnagelvin,7.35,737
N20001768,Foyleside_A1,Altnagelvin,8.46,363
N20001769,Foyleside_A2,Altnagelvin,6.92,920
N20001770,Foyleside_A3,Altnagelvin,6.81,580
N20001771,Foyleside_B1,Altnagelvin,5.65,596
N20001772,Foyleside_B2,Altnagelvin,6.17,480
N20001773,Foyleside_A4,Altnagelvin,6.69,489
N20001774,Foyleside_A5,Altnagelvin,6.24,604
N20001775,Foyleside_D1,Altnagelvin,6.43,302
N20001776,Foyleside_E1,Altnagelvin,6.38,520
N20001777,Foyleside_B3,Altnagelvin,5.65,560
N20001778,Foyleside_E2,Altnagelvin,6.53,531
N20001779,Foyleside_C1,Altnagelvin,6.23,590
N20001780,Foyleside_C2,Altnagelvin,6.24,647
N20001781,Foyleside_B4,Altnagelvin,5.93,481
N20001782,Foyleside_C3,Altnagelvin,6.23,624
N20001783,Foyleside_E3,Altnagelvin,5.96,415
N20001784,Foyleside_D2,Altnagelvin,5.33,554
N20001785,Foyleside_E4,Altnagelvin,6.47,561
N20001786,Foyleside_C4,Altnagelvin,6.22,559
N20001787,Foyleside_D3,Altnagelvin,5.53,360
N20001788,Foyleside_E5,Altnagelvin,5.69,708
N20001789,Foyleside_F1,Altnagelvin,5.07,398
N20001790,Foyleside_D4,Altnagelvin,5.23,730
N20001791,Foyleside_D5,Altnagelvin,5.36,561
N20001792,Foyleside_E6,Altnagelvin,5.54,632
N20001793,Foyleside_D6,Altnagelvin,5.15,282
N20001794,Foyleside_D7,Altnagelvin,5.12,314
N20001795,Foyleside_G1,Altnagelvin,4.62,515
N20001796,Foyleside_G2,Altnagelvin,5.14,529
N20001797,Foyleside_F2,Altnagelvin,4.37,328
N20001798,Foyleside_F3,Altnagelvin,4.56,251
N20001799,Foyleside_G3,Altnagelvin,4.54,635
N20001800,Foyleside_G4,Altnagelvin,4.34,384
N20001801,Foyleside_F4,Altnagelvin,3.92,301
N20001802,Foyleside_F5,Altnagelvin,4.05,266
N20001803,Ballyarnett_A1,Altnagelvin,10.57,637
N20001804,Ballyarnett_A2,Altnagelvin,9.63,482
N20001805,Ballyarnett_A3,Altnagelvin,9.56,729
N20001806,Ballyarnett_C1,Altnagelvin,9.12,763
N20001807,Ballyarnett_A4,Altnagelvin,9.04,624
N20001808,Ballyarnett_D1,Altnagelvin,11.13,199
N20001809,Ballyarnett_D2,Altnagelvin,11.49,627
N20001810,Ballyarnett_D3,Altnagelvin,11.42,610
N20001811,Ballyarnett_B1,Altnagelvin,10.42,688
N20001812,Ballyarnett_C2,Altnagelvin,11.10,707
N20001813,Ballyarnett_B2,Altnagelvin,9.75,580
N20001814,Ballyarnett_D4,Altnagelvin,11.00,582
N20001815,Ballyarnett_B3,Altnagelvin,9.86,580
N20001816,Ballyarnett_D5,Altnagelvin,7.26,570
N20001817,Ballyarnett_B4,Altnagelvin,10.03,437
N20001818,Ballyarnett_E1,Altnagelvin,8.84,406
N20001819,Ballyarnett_F1,Altnagelvin,7.26,578
N20001820,Ballyarnett_J1,Altnagelvin,8.53,624
N20001821,Ballyarnett_E2,Altnagelvin,9.86,501
N20001822,Ballyarnett_G1,Altnagelvin,7.66,528
N20001823,Ballyarnett_E3,Altnagelvin,8.60,435
N20001824,Ballyarnett_H1,Altnagelvin,6.93,609
N20001825,Ballyarnett_H2,Altnagelvin,6.68,349
N20001826,Ballyarnett_D6,Altnagelvin,6.79,456
N20001827,Ballyarnett_F2,Altnagelvin,7.47,546
N20001828,Ballyarnett_F3,Altnagelvin,7.43,445
N20000017,Dunsilly_E2,Altnagelvin,9.52,674
N20001830,Ballyarnett_K1,Altnagelvin,6.81,548
N20001831,Ballyarnett_F4,Altnagelvin,7.72,532
N20001832,Ballyarnett_G2,Altnagelvin,8.74,440
N20001833,Ballyarnett_J2,Altnagelvin,8.09,406
N20001834,Ballyarnett_H3,Altnagelvin,6.51,554
N20001835,Ballyarnett_G3,Altnagelvin,8.81,424
N20001836,Ballyarnett_K2,Altnagelvin,7.27,715
N20001837,Ballyarnett_G4,Altnagelvin,8.03,576
N20001838,Ballyarnett_K3,Altnagelvin,7.09,510
N20001839,Ballyarnett_J3,Altnagelvin,7.47,387
N20001840,Ballyarnett_H4,Altnagelvin,6.23,448
N20001841,Ballyarnett_G5,Altnagelvin,8.54,443
N20001842,Ballyarnett_G6,Altnagelvin,8.81,452
N20001843,Ballyarnett_L1,Altnagelvin,6.94,580
N20001844,Ballyarnett_K4,Altnagelvin,6.44,673
N20001845,Ballyarnett_L2,Altnagelvin,8.29,665
N20001846,Ballyarnett_J4,Altnagelvin,6.82,321
N20001847,Ballyarnett_L3,Altnagelvin,6.61,622
N20001848,Ballyarnett_L4,Altnagelvin,6.35,609
N20001849,Ballyarnett_J5,Altnagelvin,6.12,362
N20001850,Waterside_A1,Altnagelvin,4.16,611
N20001851,Waterside_A2,Altnagelvin,3.65,498
N20001852,Waterside_B1,Altnagelvin,3.87,531
N20001853,Waterside_B2,Altnagelvin,2.95,526
N20001854,Waterside_A3,Altnagelvin,2.37,502
N20001855,Waterside_A4,Altnagelvin,3.02,436
N20001856,Waterside_B3,Altnagelvin,3.78,511
N20001857,Waterside_B4,Altnagelvin,3.72,426
N20001858,Waterside_C1,Altnagelvin,2.65,505
N20001859,Waterside_C2,Altnagelvin,2.48,575
N20001860,Waterside_A5,Altnagelvin,2.54,382
N20001861,Waterside_C3,Altnagelvin,2.33,370
N20001862,Waterside_D1,Altnagelvin,1.70,389
N20001863,Waterside_D2,Altnagelvin,2.35,455
N20001864,Waterside_D3,Altnagelvin,1.55,324
N20001865,Waterside_D4,Altnagelvin,1.81,251
N20001866,Waterside_E1,Altnagelvin,1.91,369
N20001867,Waterside_C4,Altnagelvin,2.51,453
N20001868,Waterside_E2,Altnagelvin,1.58,462
N20001869,Waterside_E3,Altnagelvin,1.39,508
N20001870,Waterside_E4,Altnagelvin,1.59,255
N20001871,Waterside_D5,Altnagelvin,1.84,576
N20001872,Waterside_C5,Altnagelvin,2.02,630
N20001873,Waterside_F1,Altnagelvin,1.19,589
N20001874,Waterside_E5,Altnagelvin,1.41,472
N20001875,Waterside_F2,Altnagelvin,1.08,638
N20001876,Waterside_G1,Altnagelvin,0.97,503
N20001877,Waterside_L1,Altnagelvin,1.94,525
N20001878,Waterside_F3,Altnagelvin,1.44,463
N20001879,Waterside_F4,Altnagelvin,1.16,518
N20001880,Waterside_G2,Altnagelvin,1.21,388
N20001881,Waterside_G3,Altnagelvin,1.60,320
N20001882,Waterside_G4,Altnagelvin,1.09,416
N20001883,Waterside_L2,Altnagelvin,1.38,515
N20001884,Waterside_H1,Altnagelvin,0.81,940
N20001885,Waterside_G5,Altnagelvin,1.04,581
N20001886,Waterside_J1,Altnagelvin,0.58,347
N20001887,Waterside_N1,Altnagelvin,1.96,432
N20001888,Waterside_H2,Altnagelvin,9.95,700
N20001889,Waterside_L3,Altnagelvin,3.11,590
N20001890,Waterside_N2,Altnagelvin,2.54,513
N20001891,Waterside_H3,Altnagelvin,0.20,550
N20001892,Waterside_N3,Altnagelvin,1.58,503
N20001893,Waterside_K1,Altnagelvin,9.64,485
N20001894,Waterside_K2,Altnagelvin,10.06,390
N20001895,Waterside_J2,Altnagelvin,0.54,665
N20001896,Waterside_J3,Altnagelvin,1.26,998
N20001897,Waterside_K3,Altnagelvin,0.96,406
N20001898,Waterside_K4,Altnagelvin,2.27,475
N20001899,Waterside_K5,Altnagelvin,1.68,446
N20001900,Waterside_J4,Altnagelvin,0.62,532
N20001901,Waterside_N4,Altnagelvin,1.31,662
N20001902,Waterside_P1,Altnagelvin,1.20,573
N20001903,Waterside_P2,Altnagelvin,1.43,413
N20001904,Waterside_L4,Altnagelvin,3.71,636
N20001905,Waterside_P3,Altnagelvin,1.36,442
N20001906,Waterside_P4,Altnagelvin,1.67,382
N20001907,Waterside_P5,Altnagelvin,1.53,493
N20001908,Faughan_D1,Altnagelvin,11.32,435
N20001909,Faughan_A1,Altnagelvin,7.09,516
N20001910,Faughan_A2,Altnagelvin,6.76,483
N20001911,Faughan_A3,Altnagelvin,6.80,368
N20001912,Faughan_A4,Altnagelvin,6.55,644
N20001913,Faughan_A5,Altnagelvin,6.54,597
N20001914,Faughan_B1,Altnagelvin,11.39,432
N20001915,Faughan_D2,Altnagelvin,8.80,383
N20001916,Faughan_B2,Altnagelvin,11.48,713
N20001917,Faughan_C1,Altnagelvin,11.56,541
N20001918,Faughan_C2,Altnagelvin,11.50,640
N20001919,Faughan_C3,Altnagelvin,11.08,731
N20001920,Faughan_C4,Altnagelvin,11.02,514
N20001921,Faughan_D3,Altnagelvin,5.99,598
N20001922,Faughan_D4,Altnagelvin,7.40,486
N20001923,Faughan_E1,Altnagelvin,8.49,657
N20001924,Faughan_D5,Altnagelvin,5.74,573
N20001925,Faughan_G1,Altnagelvin,4.53,520
N20001926,Faughan_G2,Altnagelvin,4.95,445
N20001927,Faughan_E2,Altnagelvin,13.32,797
N20001928,Faughan_F1,Altnagelvin,6.31,436
N20001929,Faughan_E3,Altnagelvin,6.84,428
N20001930,Faughan_F2,Altnagelvin,6.84,351
N20001931,Faughan_F3,Altnagelvin,6.76,313
N20001932,Faughan_F4,Altnagelvin,7.32,521
N20001933,Faughan_F5,Altnagelvin,7.49,627
N20001934,Faughan_F6,Altnagelvin,7.86,589
N20001935,Faughan_G3,Altnagelvin,4.65,620
N20001936,Faughan_E4,Altnagelvin,9.22,629
N20001937,Faughan_E5,Altnagelvin,6.16,458
N20001938,Faughan_E6,Altnagelvin,6.04,450
N20001939,Faughan_G4,Altnagelvin,9.58,366
N20001940,Faughan_G5,Altnagelvin,9.06,247
N20001941,Faughan_G6,Altnagelvin,11.91,384
N20001942,Faughan_H1,Altnagelvin,13.06,583
N20001943,Faughan_H2,Altnagelvin,12.92,256
N20001944,Faughan_H3,Altnagelvin,12.28,496
N20001945,Faughan_G7,Altnagelvin,14.88,411
N20001946,Sperrin_A1,Altnagelvin,15.99,842
N20001947,Sperrin_B1,Altnagelvin,10.92,603
N20001948,Sperrin_B2,Altnagelvin,15.04,660
N20001949,Sperrin_A2,Altnagelvin,19.84,845
N20001950,Sperrin_B3,Altnagelvin,15.54,549
N20001951,Sperrin_B4,Altnagelvin,20.01,546
N20001952,Sperrin_C1,Altnagelvin,16.70,567
N20001953,Sperrin_A3,Altnagelvin,21.40,435
N20001954,Sperrin_F1,Altnagelvin,19.89,663
N20001955,Sperrin_B5,Altnagelvin,22.60,620
N20001956,Sperrin_F2,Altnagelvin,20.35,585
N20001957,Sperrin_C2,Altnagelvin,19.72,235
N20001958,Sperrin_C3,Altnagelvin,22.53,215
N20001959,Sperrin_C4,Altnagelvin,25.97,527
N20001960,Sperrin_D1,Altnagelvin,22.04,428
N20001961,Sperrin_C5,Altnagelvin,21.56,547
N20001962,Sperrin_D2,Altnagelvin,22.80,501
N20001963,Sperrin_D3,Altnagelvin,23.51,355
N20001964,Sperrin_D4,Altnagelvin,25.04,415
N20001965,Sperrin_E1,Altnagelvin,24.22,257
N20001966,Sperrin_D5,Altnagelvin,24.60,599
N20001967,Sperrin_D6,Altnagelvin,25.17,592
N20001968,Sperrin_C6,Altnagelvin,22.38,417
N20001969,Sperrin_E2,Altnagelvin,24.19,352
N20001970,Sperrin_E3,Altnagelvin,24.53,408
N20001971,Sperrin_F3,Altnagelvin,22.89,674
N20001972,Sperrin_E4,Altnagelvin,24.36,376
N20001973,Sperrin_G1,Altnagelvin,24.69,424
N20001974,Sperrin_H1,Altnagelvin,25.06,428
N20001975,Sperrin_G2,Altnagelvin,24.49,378
N20001976,Sperrin_H2,Altnagelvin,24.61,556
N20001977,Sperrin_H3,Altnagelvin,25.16,510
N20001978,Sperrin_G3,Altnagelvin,24.87,477
N20001979,Sperrin_G4,Altnagelvin,25.13,433
N20001980,Sperrin_H4,Altnagelvin,25.29,526
N20001981,Sperrin_F4,Altnagelvin,50.91,413
N20001982,Sperrin_G5,Altnagelvin,25.17,487
N20001983,Sperrin_G6,Altnagelvin,25.08,522
N20001984,Sperrin_H5,Altnagelvin,25.76,473
N20001985,Sperrin_H6,Altnagelvin,26.16,437
N20001986,Sperrin_J1,Altnagelvin,26.12,678
N20001987,Sperrin_J2,Altnagelvin,26.15,761
N20001988,Sperrin_K1,Altnagelvin,27.14,755
N20001989,Sperrin_F5,Altnagelvin,36.83,713
N20001990,Sperrin_K2,Altnagelvin,36.65,803
N20001991,Sperrin_K3,Altnagelvin,33.63,470
N20001992,Sperrin_K4,Altnagelvin,32.60,426
N20001993,Sperrin_K5,Altnagelvin,34.44,237
N20001994,Derg_A1,Altnagelvin,25.26,518
N20001995,Derg_A2,Altnagelvin,25.60,473
N20001996,Derg_A3,Altnagelvin,25.77,501
N20001997,Derg_A4,Altnagelvin,26.53,643
N20001998,Derg_C1,Altnagelvin,27.54,726
N20001999,Derg_C2,Altnagelvin,30.43,298
N20002000,Derg_B1,Altnagelvin,28.80,506
N20002001,Derg_B2,Altnagelvin,28.91,525
N20002002,Derg_B3,Altnagelvin,29.22,401
N20002003,Derg_C3,Altnagelvin,32.75,312
N20002004,Derg_B4,Altnagelvin,29.42,546
N20002005,Derg_C4,Altnagelvin,31.68,554
N20002006,Derg_C5,Altnagelvin,31.32,553
N20002007,Derg_D1,Altnagelvin,33.36,583
N20002008,Derg_D2,Altnagelvin,41.75,617
N20002009,Derg_E1,Altnagelvin,38.89,425
N20002010,Derg_E2,Altnagelvin,38.74,438
N20002011,Derg_E3,Altnagelvin,39.41,562
N20002012,Derg_F1,Altnagelvin,43.63,372
N20002013,Derg_D3,Altnagelvin,40.11,708
N20002014,Derg_F2,Altnagelvin,43.63,534
N20002015,Derg_H1,Altnagelvin,44.74,533
N20002016,Derg_F3,Altnagelvin,43.43,347
N20002017,Derg_G1,Altnagelvin,41.89,554
N20002018,Derg_F4,Altnagelvin,43.96,407
N20002019,Derg_H2,Altnagelvin,48.23,484
N20002020,Derg_F5,Altnagelvin,43.51,439
N20002021,Derg_F6,Altnagelvin,42.86,354
N20002022,Derg_F7,Altnagelvin,42.77,527
N20002023,Derg_H3,Altnagelvin,50.48,589
N20002024,Derg_G2,Altnagelvin,40.77,681
N20002025,Derg_G3,South West Acute Hospital,44.40,698
N20002026,Derg_H4,South West Acute Hospital,54.44,443
N20002027,Derg_H5,South West Acute Hospital,47.86,406
N20002028,Derg_H6,Altnagelvin,52.01,553
N20002029,Erne_East_A1,South West Acute Hospital,22.88,662
N20002030,Erne_East_A2,South West Acute Hospital,25.23,577
N20000018,Dunsilly_E3,South West Acute Hospital,34.57,486
N20002032,Erne_East_A3,South West Acute Hospital,13.45,594
N20002033,Erne_East_A4,South West Acute Hospital,18.75,329
N20002034,Erne_East_C1,South West Acute Hospital,17.76,360
N20002035,Erne_East_C2,South West Acute Hospital,16.11,462
N20002036,Erne_East_C3,South West Acute Hospital,16.93,478
N20002037,Erne_East_B2,South West Acute Hospital,46.13,807
N20002038,Erne_East_B3,South West Acute Hospital,39.63,831
N20002039,Erne_East_A5,South West Acute Hospital,12.70,698
N20002040,Erne_East_D1,South West Acute Hospital,19.96,754
N20002041,Erne_East_C4,South West Acute Hospital,18.72,598
N20002042,Erne_East_D2,South West Acute Hospital,20.01,524
N20002043,Erne_East_D3,South West Acute Hospital,20.62,325
N20002044,Erne_East_E1,South West Acute Hospital,22.60,524
N20002045,Erne_East_D4,South West Acute Hospital,35.80,340
N20002046,Erne_East_D5,South West Acute Hospital,21.77,638
N20002047,Erne_East_D6,South West Acute Hospital,35.15,440
N20002048,Erne_East_E2,South West Acute Hospital,30.17,596
N20002049,Erne_East_B4,South West Acute Hospital,42.65,461
N20002050,Erne_East_E3,South West Acute Hospital,38.39,488
N20002051,Erne_East_F1,South West Acute Hospital,31.93,695
N20002052,Erne_East_E4,South West Acute Hospital,36.48,599
N20002053,Erne_East_E5,South West Acute Hospital,33.43,568
N20002054,Erne_East_F2,South West Acute Hospital,30.74,579
N20002055,Erne_East_F3,South West Acute Hospital,32.94,812
N20000020,Dunsilly_D5,South West Acute Hospital,40.30,562
N20002057,Erne_West_A1,South West Acute Hospital,28.72,599
N20002058,Erne_West_A2,South West Acute Hospital,44.57,724
N20002059,Erne_West_A3,South West Acute Hospital,41.56,411
N20002060,Erne_West_B1,South West Acute Hospital,16.63,628
N20002061,Erne_West_C1,South West Acute Hospital,11.98,878
N20002062,Erne_West_D1,South West Acute Hospital,14.36,584
N20002063,Erne_West_A4,South West Acute Hospital,34.32,536
N20002064,Erne_West_D2,South West Acute Hospital,11.02,459
N20002065,Erne_West_C2,South West Acute Hospital,8.09,723
N20002066,Erne_West_B2,South West Acute Hospital,25.91,947
N20002067,Erne_West_D3,South West Acute Hospital,14.68,483
N20002068,Erne_West_C3,South West Acute Hospital,8.31,664
N20002069,Erne_West_E1,South West Acute Hospital,9.09,805
N20002070,Erne_West_E2,South West Acute Hospital,11.74,448
N20002071,Erne_West_C4,South West Acute Hospital,12.66,649
N20000021,Dunsilly_E4,South West Acute Hospital,22.19,545
N20002073,Erne_West_D5,South West Acute Hospital,16.36,687
N20002074,Erne_West_F1,South West Acute Hospital,22.05,491
N20002075,Erne_West_E3,South West Acute Hospital,18.33,543
N20002076,Erne_West_F2,South West Acute Hospital,23.61,518
N20002077,Erne_West_E4,South West Acute Hospital,21.90,701
N20002078,Erne_West_F3,South West Acute Hospital,25.73,457
N20002079,Erne_West_F4,South West Acute Hospital,25.99,723
N20002080,Erne_West_F5,South West Acute Hospital,29.51,528
N20002081,Enniskillen_A1,South West Acute Hospital,12.46,504
N20002082,Enniskillen_A2,South West Acute Hospital,7.89,420
N20002083,Enniskillen_A3,South West Acute Hospital,8.06,464
N20002084,Enniskillen_A4,South West Acute Hospital,2.28,528
N20002085,Enniskillen_D1,South West Acute Hospital,5.12,230
N20002086,Enniskillen_B1,South West Acute Hospital,0.46,730
N20002087,Enniskillen_D2,South West Acute Hospital,5.08,569
N20002088,Enniskillen_F1,South West Acute Hospital,1.86,530
N20002089,Enniskillen_B2,South West Acute Hospital,0.95,330
N20002090,Enniskillen_C1,South West Acute Hospital,5.71,570
N20002091,Enniskillen_B3,South West Acute Hospital,1.20,405
N20002092,Enniskillen_C2,South West Acute Hospital,2.60,586
N20002093,Enniskillen_C3,South West Acute Hospital,2.38,589
N20002094,Enniskillen_D3,South West Acute Hospital,3.96,588
N20002095,Enniskillen_B4,South West Acute Hospital,1.75,561
N20002096,Enniskillen_E1,South West Acute Hospital,3.04,333
N20002097,Enniskillen_C4,South West Acute Hospital,4.99,481
N20002098,Enniskillen_B5,South West Acute Hospital,1.61,641
N20002099,Enniskillen_F2,South West Acute Hospital,1.88,381
N20002100,Enniskillen_G1,South West Acute Hospital,6.53,521
N20002101,Enniskillen_E2,South West Acute Hospital,2.33,222
N20002102,Enniskillen_F3,South West Acute Hospital,3.47,514
N20002103,Enniskillen_E3,South West Acute Hospital,3.14,406
N20002104,Enniskillen_F4,South West Acute Hospital,3.93,427
N20002105,Enniskillen_E4,South West Acute Hospital,2.91,268
N20002106,Enniskillen_D4,South West Acute Hospital,4.71,499
N20002107,Enniskillen_E5,South West Acute Hospital,2.56,378
N20002108,Enniskillen_D5,South West Acute Hospital,3.09,591
N20002109,Enniskillen_G2,South West Acute Hospital,13.44,483
N20002110,Enniskillen_H1,South West Acute Hospital,3.45,264
N20002111,Enniskillen_H2,South West Acute Hospital,3.26,475
N20002112,Enniskillen_H3,South West Acute Hospital,4.28,339
N20002113,Enniskillen_F5,South West Acute Hospital,4.09,488
N20002114,Enniskillen_H4,South West Acute Hospital,4.14,359
N20002115,Enniskillen_H5,South West Acute Hospital,4.92,354
N20002116,Enniskillen_H6,South West Acute Hospital,5.64,526
N20002117,Enniskillen_G3,South West Acute Hospital,10.19,455
N20002118,Enniskillen_G4,South West Acute Hospital,11.48,395
N20002119,Enniskillen_G5,South West Acute Hospital,10.75,485
N20002120,Enniskillen_G6,South West Acute Hospital,7.28,561
N20002121,Erne_North_B1,South West Acute Hospital,24.92,633
N20002122,Erne_North_A1,South West Acute Hospital,24.43,668
N20002123,Erne_North_C1,South West Acute Hospital,25.05,520
N20002124,Erne_North_A2,South West Acute Hospital,22.22,523
N20002125,Erne_North_B2,South West Acute Hospital,36.65,484
N20002126,Erne_North_A3,South West Acute Hospital,19.80,516
N20002127,Erne_North_A4,South West Acute Hospital,21.19,576
N20002128,Erne_North_B3,South West Acute Hospital,41.47,463
N20002129,Erne_North_C2,South West Acute Hospital,15.94,616
N20002130,Erne_North_C3,South West Acute Hospital,17.30,663
N20002131,Erne_North_B4,South West Acute Hospital,47.48,431
N20002132,Erne_North_D1,South West Acute Hospital,13.25,449
N20002133,Erne_North_D2,South West Acute Hospital,13.32,554
N20002134,Erne_North_D3,South West Acute Hospital,13.12,424
N20002135,Erne_North_D4,South West Acute Hospital,13.29,351
N20002136,Erne_North_D5,South West Acute Hospital,13.02,152
N20002137,Erne_North_B5,South West Acute Hospital,38.76,524
N20002138,Erne_North_D6,South West Acute Hospital,12.17,397
N20002139,Erne_North_F1,South West Acute Hospital,15.60,644
N20002140,Erne_North_E1,South West Acute Hospital,7.89,463
N20002141,Erne_North_E2,South West Acute Hospital,7.57,379
N20002142,Erne_North_F2,South West Acute Hospital,21.30,697
N20002143,Erne_North_E3,South West Acute Hospital,6.60,522
N20000022,Dunsilly_C3,South West Acute Hospital,13.46,441
N20002145,Erne_North_G1,South West Acute Hospital,6.08,580
N20002146,Erne_North_G2,South West Acute Hospital,15.79,458
N20002147,Erne_North_F4,South West Acute Hospital,18.91,635
N20002148,Erne_North_G3,South West Acute Hospital,12.00,643
N20002149,Erne_North_G4,South West Acute Hospital,3.00,449
N20002150,West_Tyrone_A1,Altnagelvin,44.18,386
N20002151,West_Tyrone_A2,South West Acute Hospital,46.45,541
N20002152,West_Tyrone_B1,South West Acute Hospital,37.84,513
N20002153,West_Tyrone_A3,South West Acute Hospital,39.23,526
N20002154,West_Tyrone_B2,South West Acute Hospital,34.99,518
N20002155,West_Tyrone_B3,South West Acute Hospital,34.82,655
N20002156,West_Tyrone_A4,South West Acute Hospital,43.33,574
N20002157,West_Tyrone_C1,South West Acute Hospital,31.73,588
N20002158,West_Tyrone_A5,South West Acute Hospital,37.20,474
N20002159,West_Tyrone_C2,South West Acute Hospital,32.41,381
N20002160,West_Tyrone_E1,South West Acute Hospital,26.34,691
N20002161,West_Tyrone_C3,South West Acute Hospital,31.75,778
N20002162,West_Tyrone_E2,South West Acute Hospital,26.87,562
N20002163,West_Tyrone_E3,South West Acute Hospital,26.36,377
N20002164,West_Tyrone_F1,South West Acute Hospital,34.43,857
N20002165,West_Tyrone_C4,South West Acute Hospital,31.71,598
N20002166,West_Tyrone_G1,South West Acute Hospital,25.36,319
N20002167,West_Tyrone_G2,South West Acute Hospital,25.23,287
N20002168,West_Tyrone_F2,South West Acute Hospital,39.48,713
N20002169,West_Tyrone_G3,South West Acute Hospital,25.01,350
N20002170,West_Tyrone_D1,South West Acute Hospital,30.84,362
N20002171,West_Tyrone_D2,South West Acute Hospital,31.29,552
N20002172,West_Tyrone_D3,South West Acute Hospital,30.32,303
N20002173,West_Tyrone_F3,South West Acute Hospital,42.69,550
N20002174,West_Tyrone_G4,South West Acute Hospital,21.99,666
N20002175,West_Tyrone_E4,South West Acute Hospital,20.51,561
N20002176,West_Tyrone_F4,South West Acute Hospital,35.10,746
N20002177,West_Tyrone_C5,South West Acute Hospital,30.48,608
N20002178,West_Tyrone_G5,South West Acute Hospital,19.86,531
N20002179,West_Tyrone_G6,South West Acute Hospital,19.71,457
N20002180,West_Tyrone_E5,South West Acute Hospital,13.75,581
N20002181,Omagh_C1,South West Acute Hospital,41.26,580
N20002182,Omagh_A1,South West Acute Hospital,42.09,574
N20002183,Omagh_B1,South West Acute Hospital,40.91,783
N20002184,Omagh_B2,South West Acute Hospital,40.82,448
N20002185,Omagh_A2,South West Acute Hospital,41.58,349
N20002186,Omagh_A3,South West Acute Hospital,40.89,311
N20002187,Omagh_A4,South West Acute Hospital,41.95,558
N20002188,Omagh_C2,South West Acute Hospital,40.84,270
N20002189,Omagh_A5,South West Acute Hospital,40.94,393
N20002190,Omagh_A6,South West Acute Hospital,42.43,668
N20002191,Omagh_A7,South West Acute Hospital,41.54,359
N20002192,Omagh_D1,South West Acute Hospital,40.64,557
N20002193,Omagh_C3,South West Acute Hospital,40.16,523
N20002194,Omagh_C4,South West Acute Hospital,44.93,458
N20002195,Omagh_D2,South West Acute Hospital,40.33,492
N20002196,Omagh_E1,South West Acute Hospital,41.83,697
N20002197,Omagh_E2,South West Acute Hospital,41.20,388
N20002198,Omagh_D3,South West Acute Hospital,39.62,341
N20002199,Omagh_D4,South West Acute Hospital,40.08,280
N20002200,Omagh_E3,South West Acute Hospital,41.61,509
N20002201,Omagh_G1,South West Acute Hospital,41.11,293
N20002202,Omagh_C5,South West Acute Hospital,44.85,482
N20002203,Omagh_F1,South West Acute Hospital,45.17,298
N20002204,Omagh_F2,South West Acute Hospital,39.14,341
N20002205,Omagh_H1,South West Acute Hospital,39.09,267
N20002206,Omagh_E4,South West Acute Hospital,41.54,290
N20002207,Omagh_E5,South West Acute Hospital,42.82,451
N20002208,Omagh_H2,South West Acute Hospital,40.60,351
N20002209,Omagh_G2,South West Acute Hospital,40.26,387
N20002210,Omagh_F3,South West Acute Hospital,38.23,587
N20002211,Omagh_G3,South West Acute Hospital,40.39,362
N20002212,Omagh_H3,South West Acute Hospital,38.35,372
N20002213,Omagh_H4,South West Acute Hospital,38.48,704
N20002214,Omagh_C6,South West Acute Hospital,37.73,436
N20002215,Omagh_F4,South West Acute Hospital,37.81,541
N20002216,Omagh_H5,South West Acute Hospital,40.60,658
N20002217,Omagh_G4,South West Acute Hospital,42.77,453
N20002218,Omagh_G5,South West Acute Hospital,40.93,483
N20002219,Omagh_H6,South West Acute Hospital,38.05,695
N20002220,Omagh_G6,South West Acute Hospital,41.38,490
N20002221,Mid_Tyrone_A1,Altnagelvin,46.69,554
N20002222,Mid_Tyrone_B1,Altnagelvin,41.39,409
N20002223,Mid_Tyrone_A2,Altnagelvin,47.17,568
N20002224,Mid_Tyrone_A3,Altnagelvin,52.66,565
N20002225,Mid_Tyrone_B2,Altnagelvin,47.18,470
N20002226,Mid_Tyrone_B3,Altnagelvin,44.30,694
N20002227,Mid_Tyrone_B4,Altnagelvin,47.94,436
N20002228,Mid_Tyrone_A4,South West Acute Hospital,53.83,518
N20002229,Mid_Tyrone_B5,Altnagelvin,50.33,433
N20002230,Mid_Tyrone_B6,South West Acute Hospital,44.02,436
N20002231,Mid_Tyrone_A5,Craigavon Area Hospital,55.89,756
N20002232,Mid_Tyrone_D1,South West Acute Hospital,45.20,424
N20002233,Mid_Tyrone_C1,South West Acute Hospital,42.00,633
N20002234,Mid_Tyrone_D2,South West Acute Hospital,48.12,471
N20002235,Mid_Tyrone_D3,South West Acute Hospital,52.16,537
N20002236,Mid_Tyrone_C2,South West Acute Hospital,41.33,683
N20002237,Mid_Tyrone_E1,South West Acute Hospital,55.69,751
N20002238,Mid_Tyrone_C3,South West Acute Hospital,42.68,662
N20002239,Mid_Tyrone_D4,South West Acute Hospital,52.61,658
N20002240,Mid_Tyrone_E2,Craigavon Area Hospital,50.46,655
N20002241,Mid_Tyrone_E3,Craigavon Area Hospital,53.83,340
N20002242,Mid_Tyrone_D5,South West Acute Hospital,47.15,671
N20002243,Mid_Tyrone_E4,South West Acute Hospital,49.95,495
N20002244,Mid_Tyrone_G1,South West Acute Hospital,47.88,477
N20002245,Mid_Tyrone_F1,South West Acute Hospital,41.28,681
N20002246,Mid_Tyrone_F2,South West Acute Hospital,46.82,545
N20002247,Mid_Tyrone_G2,South West Acute Hospital,44.13,612
N20002248,Mid_Tyrone_E5,Craigavon Area Hospital,56.34,836
N20002249,Mid_Tyrone_F3,South West Acute Hospital,42.07,588
N20002250,Mid_Tyrone_G3,South West Acute Hospital,46.04,508
N20002251,Mid_Tyrone_G4,South West Acute Hospital,51.35,523
N20002252,Downshire_West_A1,Royal Victoria Hospital,12.33,535
N20002253,Downshire_West_A2,Royal Victoria Hospital,12.75,296
N20002254,Downshire_West_A3,Royal Victoria Hospital,12.24,486
N20002255,Downshire_West_A4,Royal Victoria Hospital,12.61,274
N20002256,Downshire_West_A5,Royal Victoria Hospital,15.45,438
N20002257,Downshire_West_A6,Royal Victoria Hospital,15.15,629
N20002258,Downshire_West_B1,Royal Victoria Hospital,16.93,583
N20002259,Downshire_West_B2,Royal Victoria Hospital,18.06,493
N20002260,Downshire_West_B3,Royal Victoria Hospital,15.29,536
N20002261,Downshire_West_B4,Royal Victoria Hospital,17.84,480
N20002262,Downshire_West_C1,Craigavon Area Hospital,13.94,484
N20002263,Downshire_West_D1,Craigavon Area Hospital,14.27,424
N20002264,Downshire_West_C2,Craigavon Area Hospital,13.89,510
N20002265,Downshire_West_D2,Craigavon Area Hospital,13.97,260
N20002266,Downshire_West_C3,Craigavon Area Hospital,14.13,525
N20002267,Downshire_West_D3,Craigavon Area Hospital,13.62,305
N20002268,Downshire_West_G1,Craigavon Area Hospital,15.39,"1,076"
N20002269,Downshire_West_E1,Royal Victoria Hospital,18.79,630
N20002270,Downshire_West_D4,Craigavon Area Hospital,14.34,249
N20002271,Downshire_West_D5,Craigavon Area Hospital,14.84,452
N20002272,Downshire_West_D6,Craigavon Area Hospital,13.57,542
N20002273,Downshire_West_C4,Craigavon Area Hospital,13.10,541
N20002274,Downshire_West_E2,Royal Victoria Hospital,18.55,512
N20002275,Downshire_West_C5,Craigavon Area Hospital,13.22,599
N20002276,Downshire_West_G2,Craigavon Area Hospital,18.60,492
N20002277,Downshire_West_B5,Royal Victoria Hospital,20.87,707
N20002278,Downshire_West_F1,Royal Victoria Hospital,19.02,385
N20002279,Downshire_West_F2,Royal Victoria Hospital,18.27,251
N20002280,Downshire_West_F3,Royal Victoria Hospital,19.30,439
N20002281,Downshire_West_E3,Royal Victoria Hospital,19.76,651
N20002282,Downshire_West_F4,Royal Victoria Hospital,19.30,420
N20002283,Downshire_West_F5,Royal Victoria Hospital,18.82,218
N20002284,Downshire_West_G3,Craigavon Area Hospital,19.20,838
N20002285,Downshire_West_G4,Royal Victoria Hospital,22.49,542
N20002286,Downshire_West_G5,Royal Victoria Hospital,24.24,387
N20002287,Killultagh_B1,Mater Hospital,17.09,531
N20002288,Killultagh_A1,Antrim Area Hospital,20.72,893
N20002289,Killultagh_B2,Royal Victoria Hospital,12.90,904
N20002290,Killultagh_A2,Royal Victoria Hospital,20.95,484
N20002291,Killultagh_A3,Royal Victoria Hospital,20.55,384
N20002292,Killultagh_A4,Royal Victoria Hospital,20.89,681
N20002293,Killultagh_C1,Royal Victoria Hospital,21.61,514
N20002294,Killultagh_C2,Royal Victoria Hospital,19.43,512
N20002295,Killultagh_C3,Craigavon Area Hospital,21.02,625
N20002296,Killultagh_B3,Royal Victoria Hospital,14.07,720
N20002297,Killultagh_B4,Royal Victoria Hospital,12.00,572
N20002298,Killultagh_C4,Royal Victoria Hospital,17.95,465
N20002299,Killultagh_C5,Craigavon Area Hospital,21.18,502
N20002300,Killultagh_F1,Craigavon Area Hospital,17.84,580
N20002301,Killultagh_G1,Royal Victoria Hospital,15.75,333
N20002302,Killultagh_G2,Royal Victoria Hospital,18.32,467
N20002303,Killultagh_F2,Craigavon Area Hospital,18.07,556
N20002304,Killultagh_F3,Craigavon Area Hospital,20.40,379
N20002305,Killultagh_D1,Royal Victoria Hospital,10.96,564
N20002306,Killultagh_D2,Royal Victoria Hospital,12.00,585
N20002307,Killultagh_D3,Royal Victoria Hospital,11.14,341
N20002308,Killultagh_E1,Royal Victoria Hospital,12.02,496
N20002309,Killultagh_E2,Royal Victoria Hospital,13.34,567
N20002310,Killultagh_D4,Royal Victoria Hospital,11.39,781
N20002311,Killultagh_G3,Royal Victoria Hospital,16.16,428
N20002312,Killultagh_E3,Royal Victoria Hospital,12.03,582
N20002313,Killultagh_E4,Royal Victoria Hospital,12.76,531
N20002314,Killultagh_E5,Royal Victoria Hospital,13.18,302
N20002315,Killultagh_E6,Royal Victoria Hospital,12.56,434
N20002316,Killultagh_E7,Royal Victoria Hospital,12.99,331
N20002317,Killultagh_C6,Craigavon Area Hospital,15.04,595
N20002318,Killultagh_G4,Craigavon Area Hospital,20.67,840
N20002319,Killultagh_F4,Craigavon Area Hospital,17.56,736
N20002320,Killultagh_H1,Craigavon Area Hospital,18.34,748
N20002321,Killultagh_H2,Craigavon Area Hospital,18.52,560
N20002322,Killultagh_H3,Craigavon Area Hospital,17.88,644
N20002323,Killultagh_H4,Craigavon Area Hospital,18.28,623
N20002324,Killultagh_G5,Royal Victoria Hospital,19.14,666
N20002325,Killultagh_H5,Craigavon Area Hospital,18.00,557
N20002326,Lisburn_South_A1,Royal Victoria Hospital,11.98,574
N20002327,Lisburn_South_A2,Royal Victoria Hospital,11.89,369
N20002328,Lisburn_South_A3,Royal Victoria Hospital,12.29,480
N20002329,Lisburn_South_B1,Royal Victoria Hospital,12.77,657
N20002330,Lisburn_South_C1,Royal Victoria Hospital,12.43,525
N20002331,Lisburn_South_C2,Royal Victoria Hospital,12.28,407
N20002332,Lisburn_South_B2,Royal Victoria Hospital,12.54,628
N20002333,Lisburn_South_C3,Royal Victoria Hospital,12.75,387
N20002334,Lisburn_South_B3,Royal Victoria Hospital,12.72,709
N20002335,Lisburn_South_B4,Royal Victoria Hospital,13.53,465
N20002336,Lisburn_South_E1,Royal Victoria Hospital,13.52,650
N20002337,Lisburn_South_C4,Royal Victoria Hospital,13.03,474
N20002338,Lisburn_South_C5,Royal Victoria Hospital,12.40,258
N20002339,Lisburn_South_C6,Royal Victoria Hospital,12.69,429
N20002340,Lisburn_South_D1,Royal Victoria Hospital,12.97,231
N20002341,Lisburn_South_D2,Royal Victoria Hospital,13.56,533
N20002342,Lisburn_South_G1,Royal Victoria Hospital,15.16,503
N20002343,Lisburn_South_C7,Royal Victoria Hospital,13.28,358
N20002344,Lisburn_South_E2,Royal Victoria Hospital,13.81,614
N20002345,Lisburn_South_D3,Royal Victoria Hospital,13.27,374
N20002346,Lisburn_South_F1,Royal Victoria Hospital,13.29,380
N20002347,Lisburn_South_D4,Royal Victoria Hospital,13.63,531
N20002348,Lisburn_South_D5,Royal Victoria Hospital,13.33,412
N20002349,Lisburn_South_E3,Royal Victoria Hospital,14.09,657
N20002350,Lisburn_South_F2,Royal Victoria Hospital,13.22,496
N20002351,Lisburn_South_G2,Royal Victoria Hospital,14.76,671
N20002352,Lisburn_South_F3,Royal Victoria Hospital,12.87,508
N20002353,Lisburn_South_E4,Royal Victoria Hospital,15.02,823
N20002354,Lisburn_South_H1,Royal Victoria Hospital,14.43,311
N20002355,Lisburn_South_H2,Royal Victoria Hospital,13.74,490
N20002356,Lisburn_South_J1,Royal Victoria Hospital,13.37,476
N20002357,Lisburn_South_H3,Royal Victoria Hospital,14.14,432
N20002358,Lisburn_South_E5,Royal Victoria Hospital,14.94,368
N20002359,Lisburn_South_H4,Royal Victoria Hospital,13.80,224
N20002360,Lisburn_South_E6,Royal Victoria Hospital,14.66,498
N20002361,Lisburn_South_G3,Royal Victoria Hospital,14.77,388
N20002362,Lisburn_South_H5,Royal Victoria Hospital,14.13,657
N20002363,Lisburn_South_H6,Royal Victoria Hospital,13.62,513
N20002364,Lisburn_South_G4,Royal Victoria Hospital,16.83,469
N20002365,Lisburn_South_K1,Royal Victoria Hospital,14.22,298
N20002366,Lisburn_South_J2,Royal Victoria Hospital,13.18,491
N20002367,Lisburn_South_G5,Royal Victoria Hospital,14.71,455
N20002368,Lisburn_South_K2,Royal Victoria Hospital,14.50,511
N20002369,Lisburn_South_G6,Royal Victoria Hospital,15.07,426
N20002370,Lisburn_South_K3,Royal Victoria Hospital,14.38,477
N20002371,Lisburn_South_K4,Royal Victoria Hospital,14.27,440
N20002372,Lisburn_South_J3,Royal Victoria Hospital,13.56,690
N20002373,Lisburn_South_J4,Royal Victoria Hospital,13.68,699
N20002374,Lisburn_South_K5,Royal Victoria Hospital,14.41,500
N20002375,Lisburn_South_K6,Royal Victoria Hospital,14.23,410
N20002376,Lisburn_North_A1,Royal Victoria Hospital,7.61,226
N20002377,Lisburn_North_B1,Royal Victoria Hospital,9.26,678
N20002378,Lisburn_North_D1,Royal Victoria Hospital,8.98,537
N20002379,Lisburn_North_A2,Royal Victoria Hospital,7.85,755
N20002380,Lisburn_North_C1,Royal Victoria Hospital,7.73,423
N20002381,Lisburn_North_B2,Royal Victoria Hospital,8.90,459
N20002382,Lisburn_North_C2,Royal Victoria Hospital,7.88,640
N20002383,Lisburn_North_A3,Royal Victoria Hospital,8.16,408
N20002384,Lisburn_North_B3,Royal Victoria Hospital,9.40,496
N20002385,Lisburn_North_D2,Royal Victoria Hospital,8.72,617
N20002386,Lisburn_North_C3,Royal Victoria Hospital,8.77,639
N20002387,Lisburn_North_C4,Royal Victoria Hospital,8.43,628
N20002388,Lisburn_North_C5,Royal Victoria Hospital,9.24,580
N20002389,Lisburn_North_D3,Royal Victoria Hospital,9.15,565
N20002390,Lisburn_North_E1,Royal Victoria Hospital,9.53,588
N20002391,Lisburn_North_E2,Royal Victoria Hospital,9.86,258
N20002392,Lisburn_North_E3,Royal Victoria Hospital,9.86,770
N20002393,Lisburn_North_F1,Royal Victoria Hospital,10.06,572
N20002394,Lisburn_North_F2,Royal Victoria Hospital,10.22,467
N20002395,Lisburn_North_E4,Royal Victoria Hospital,11.18,397
N20002396,Lisburn_North_F3,Royal Victoria Hospital,9.94,350
N20002397,Lisburn_North_F4,Royal Victoria Hospital,10.42,476
N20002398,Lisburn_North_F5,Royal Victoria Hospital,10.31,454
N20002399,Lisburn_North_G1,Royal Victoria Hospital,11.28,705
N20002400,Lisburn_North_F6,Royal Victoria Hospital,10.52,304
N20002401,Lisburn_North_H1,Royal Victoria Hospital,10.29,402
N20002402,Lisburn_North_F7,Royal Victoria Hospital,10.79,413
N20002403,Lisburn_North_D4,Royal Victoria Hospital,9.38,403
N20002404,Lisburn_North_G2,Royal Victoria Hospital,13.54,"1,045"
N20002405,Lisburn_North_H2,Royal Victoria Hospital,11.11,512
N20002406,Lisburn_North_H3,Royal Victoria Hospital,10.81,563
N20002407,Lisburn_North_J1,Royal Victoria Hospital,10.85,251
N20002408,Lisburn_North_G3,Royal Victoria Hospital,11.04,565
N20002409,Lisburn_North_J2,Royal Victoria Hospital,10.91,413
N20002410,Lisburn_North_H4,Royal Victoria Hospital,11.41,398
N20002411,Lisburn_North_J3,Royal Victoria Hospital,11.30,590
N20002412,Lisburn_North_G4,Royal Victoria Hospital,13.18,476
N20002413,Lisburn_North_H5,Royal Victoria Hospital,12.80,303
N20002414,Lisburn_North_J4,Royal Victoria Hospital,11.00,531
N20002415,Lisburn_North_J5,Royal Victoria Hospital,11.19,442
N20002416,Lisburn_North_G5,Royal Victoria Hospital,12.39,412
N20002417,Lisburn_North_G6,Royal Victoria Hospital,12.88,514
N20002418,Lisburn_North_K1,Royal Victoria Hospital,11.80,424
N20002419,Lisburn_North_K2,Royal Victoria Hospital,12.13,278
N20002420,Lisburn_North_K3,Royal Victoria Hospital,12.00,475
N20002421,Lisburn_North_K4,Royal Victoria Hospital,12.39,276
N20002422,Lisburn_North_K5,Royal Victoria Hospital,12.76,269
N20002423,Lisburn_North_K6,Royal Victoria Hospital,12.70,502
N20002424,Downshire_East_A1,Royal Victoria Hospital,8.70,533
N20002425,Downshire_East_A2,Royal Victoria Hospital,9.89,622
N20002426,Downshire_East_A3,Royal Victoria Hospital,10.61,460
N20002427,Downshire_East_A4,Royal Victoria Hospital,9.94,518
N20002428,Downshire_East_B1,Royal Victoria Hospital,12.11,234
N20002429,Downshire_East_B2,Royal Victoria Hospital,11.77,572
N20002430,Downshire_East_A5,Royal Victoria Hospital,12.30,429
N20002431,Downshire_East_B3,Royal Victoria Hospital,11.75,438
N20002432,Downshire_East_B4,Royal Victoria Hospital,12.18,484
N20002433,Downshire_East_A6,Royal Victoria Hospital,12.38,434
N20002434,Downshire_East_A7,Royal Victoria Hospital,13.14,267
N20002435,Downshire_East_C1,Royal Victoria Hospital,12.28,669
N20002436,Downshire_East_C2,Royal Victoria Hospital,12.27,451
N20002437,Downshire_East_C3,Royal Victoria Hospital,12.42,711
N20002438,Downshire_East_D1,Royal Victoria Hospital,14.00,476
N20002439,Downshire_East_D2,Royal Victoria Hospital,15.31,765
N20002440,Downshire_East_E1,Royal Victoria Hospital,14.89,644
N20002441,Downshire_East_E2,Royal Victoria Hospital,18.43,618
N20002442,Downshire_East_D3,Royal Victoria Hospital,17.72,544
N20002443,Downshire_East_E3,Royal Victoria Hospital,17.43,412
N20002444,Downshire_East_E4,Royal Victoria Hospital,17.49,576
N20002445,Downshire_East_D4,Royal Victoria Hospital,20.78,582
N20002446,Downshire_East_E5,Royal Victoria Hospital,22.81,603
N20002447,Downshire_East_F1,Royal Victoria Hospital,23.54,582
N20002448,Downshire_East_E6,Royal Victoria Hospital,21.54,485
N20002449,Downshire_East_F2,Royal Victoria Hospital,23.68,549
N20002450,Downshire_East_F3,Royal Victoria Hospital,27.35,532
N20002451,Downshire_East_G1,Royal Victoria Hospital,26.33,594
N20002452,Downshire_East_F4,Royal Victoria Hospital,27.70,505
N20002453,Downshire_East_G2,Royal Victoria Hospital,30.24,457
N20002454,Downshire_East_G3,Craigavon Area Hospital,33.00,622
N20002455,Downshire_East_G4,Craigavon Area Hospital,33.24,375
N20002456,Castlereagh_South_A1,Royal Victoria Hospital,6.29,667
N20002457,Castlereagh_South_A2,Royal Victoria Hospital,6.27,493
N20002458,Castlereagh_South_B1,Ulster Hospital,8.60,569
N20002459,Castlereagh_South_A3,Ulster Hospital,8.91,492
N20002460,Castlereagh_South_B2,Royal Victoria Hospital,8.95,247
N20002461,Castlereagh_South_C1,Royal Victoria Hospital,6.64,726
N20002462,Castlereagh_South_C2,Royal Victoria Hospital,6.48,480
N20002463,Castlereagh_South_A4,Royal Victoria Hospital,6.56,451
N20002464,Castlereagh_South_B3,Royal Victoria Hospital,8.80,437
N20002465,Castlereagh_South_B4,Royal Victoria Hospital,8.86,425
N20002466,Castlereagh_South_C3,Royal Victoria Hospital,6.81,240
N20002467,Castlereagh_South_B5,Royal Victoria Hospital,8.64,657
N20002468,Castlereagh_South_A5,Royal Victoria Hospital,6.84,557
N20002469,Castlereagh_South_B6,Royal Victoria Hospital,8.58,366
N20002470,Castlereagh_South_C4,Royal Victoria Hospital,6.99,674
N20002471,Castlereagh_South_B7,Royal Victoria Hospital,8.50,412
N20002472,Castlereagh_South_E1,Royal Victoria Hospital,8.23,465
N20002473,Castlereagh_South_D1,Royal Victoria Hospital,7.33,445
N20002474,Castlereagh_South_D2,Royal Victoria Hospital,7.39,714
N20002475,Castlereagh_South_D3,Royal Victoria Hospital,7.94,467
N20002476,Castlereagh_South_E2,Royal Victoria Hospital,8.29,693
N20002477,Castlereagh_South_D4,Royal Victoria Hospital,7.83,409
N20002478,Castlereagh_South_D5,Royal Victoria Hospital,7.92,794
N20002479,Castlereagh_South_E3,Royal Victoria Hospital,7.81,336
N20002480,Castlereagh_South_E4,Royal Victoria Hospital,9.43,613
N20002481,Castlereagh_South_F1,Royal Victoria Hospital,8.53,732
N20002482,Castlereagh_South_E5,Royal Victoria Hospital,8.97,699
N20002483,Castlereagh_South_E6,Royal Victoria Hospital,8.93,813
N20002484,Castlereagh_South_F2,Royal Victoria Hospital,11.47,840
N20002485,Castlereagh_South_J1,Royal Victoria Hospital,9.98,406
N20002486,Castlereagh_South_J2,Royal Victoria Hospital,10.45,266
N20002487,Castlereagh_South_J3,Royal Victoria Hospital,10.54,735
N20002488,Castlereagh_South_J4,Royal Victoria Hospital,11.16,557
N20002489,Castlereagh_South_G1,Royal Victoria Hospital,11.07,338
N20002490,Castlereagh_South_G2,Royal Victoria Hospital,11.32,629
N20002491,Castlereagh_South_G3,Royal Victoria Hospital,11.98,556
N20002492,Castlereagh_South_H1,Royal Victoria Hospital,11.73,349
N20002493,Castlereagh_South_H2,Royal Victoria Hospital,11.70,354
N20002494,Castlereagh_South_H3,Royal Victoria Hospital,11.80,415
N20002495,Castlereagh_South_G4,Royal Victoria Hospital,12.25,664
N20002496,Castlereagh_South_H4,Royal Victoria Hospital,11.90,741
N20002497,Castlereagh_South_H5,Royal Victoria Hospital,12.14,474
N20002498,Castlereagh_South_J5,Royal Victoria Hospital,14.04,402
N20002499,Castlereagh_South_J6,Royal Victoria Hospital,13.57,689
N20002500,Castlereagh_East_A1,Ulster Hospital,2.15,917
N20002501,Castlereagh_East_A2,Ulster Hospital,2.33,504
N20002502,Castlereagh_East_C1,Ulster Hospital,1.19,414
N20002503,Castlereagh_East_C2,Ulster Hospital,0.59,567
N20002504,Castlereagh_East_C3,Ulster Hospital,0.59,303
N20002505,Castlereagh_East_B1,Ulster Hospital,2.07,531
N20002506,Castlereagh_East_C4,Ulster Hospital,0.90,325
N20002507,Castlereagh_East_C5,Ulster Hospital,0.39,227
N20002508,Castlereagh_East_D1,Ulster Hospital,0.06,520
N20002509,Castlereagh_East_B2,Ulster Hospital,2.41,564
N20002510,Castlereagh_East_E1,Ulster Hospital,0.98,344
N20002511,Castlereagh_East_A3,Ulster Hospital,1.36,502
N20002512,Castlereagh_East_E2,Ulster Hospital,0.89,471
N20002513,Castlereagh_East_B3,Ulster Hospital,1.86,356
N20002514,Castlereagh_East_A4,Ulster Hospital,1.64,596
N20002515,Castlereagh_East_B4,Ulster Hospital,2.11,564
N20002516,Castlereagh_East_D2,Ulster Hospital,0.88,584
N20002517,Castlereagh_East_E3,Ulster Hospital,1.06,309
N20002518,Castlereagh_East_B5,Ulster Hospital,2.33,463
N20002519,Castlereagh_East_D3,Ulster Hospital,0.98,300
N20002520,Castlereagh_East_C6,Ulster Hospital,0.90,539
N20002521,Castlereagh_East_F1,Ulster Hospital,1.15,490
N20002522,Castlereagh_East_F2,Ulster Hospital,1.17,370
N20002523,Castlereagh_East_F3,Ulster Hospital,1.74,361
N20002524,Castlereagh_East_D4,Ulster Hospital,0.85,525
N20002525,Castlereagh_East_E4,Ulster Hospital,1.21,368
N20002526,Castlereagh_East_H1,Ulster Hospital,1.84,566
N20002527,Castlereagh_East_F4,Ulster Hospital,1.24,634
N20002528,Castlereagh_East_H2,Ulster Hospital,2.10,344
N20002529,Castlereagh_East_F5,Ulster Hospital,1.34,349
N20002530,Castlereagh_East_E5,Ulster Hospital,1.44,462
N20002531,Castlereagh_East_G1,Ulster Hospital,1.72,324
N20002532,Castlereagh_East_G2,Ulster Hospital,1.89,464
N20002533,Castlereagh_East_H3,Ulster Hospital,2.07,338
N20002534,Castlereagh_East_G3,Ulster Hospital,1.58,541
N20002535,Castlereagh_East_H4,Ulster Hospital,1.95,363
N20002536,Castlereagh_East_G4,Ulster Hospital,1.93,564
N20002537,Castlereagh_East_G5,Ulster Hospital,1.81,330
N20002538,Castlereagh_East_H5,Ulster Hospital,2.48,435
N20002539,Castlereagh_East_H6,Ulster Hospital,2.76,416
N20002540,Castlereagh_East_J1,Ulster Hospital,6.03,431
N20002541,Castlereagh_East_J2,Ulster Hospital,6.52,461
N20002542,Castlereagh_East_J3,Ulster Hospital,8.46,368
N20002543,Castlereagh_East_J4,Royal Victoria Hospital,10.77,264
N20002544,Castlereagh_East_K1,Ulster Hospital,11.09,383
N20002545,Castlereagh_East_K2,Ulster Hospital,12.16,600
N20002546,Castlereagh_East_K3,Ulster Hospital,11.97,611
N20002547,Castlereagh_East_J5,Ulster Hospital,13.64,634
N20002548,Bannside_A1,Causeway Area Hospital,30.41,650
N20002549,Bannside_A2,Antrim Area Hospital,29.38,560
N20002550,Bannside_C1,Antrim Area Hospital,29.77,592
N20002551,Bannside_A3,Antrim Area Hospital,25.03,420
N20002552,Bannside_C2,Causeway Area Hospital,30.75,457
N20002553,Bannside_C3,Antrim Area Hospital,31.00,434
N20002554,Bannside_B1,Antrim Area Hospital,23.89,354
N20002555,Bannside_B2,Antrim Area Hospital,23.61,511
N20002556,Bannside_B3,Antrim Area Hospital,23.64,505
N20002557,Bannside_B4,Antrim Area Hospital,23.36,571
N20002558,Bannside_B5,Antrim Area Hospital,23.11,340
N20002559,Bannside_B6,Antrim Area Hospital,23.07,378
N20002560,Bannside_D1,Antrim Area Hospital,29.11,383
N20002561,Bannside_D2,Antrim Area Hospital,28.62,431
N20002562,Bannside_D3,Antrim Area Hospital,28.67,555
N20002563,Bannside_C4,Antrim Area Hospital,27.96,740
N20002564,Bannside_A4,Antrim Area Hospital,22.42,664
N20002565,Bannside_E1,Antrim Area Hospital,19.82,287
N20002566,Bannside_E2,Antrim Area Hospital,20.39,391
N20002567,Bannside_E3,Antrim Area Hospital,20.61,561
N20002568,Bannside_E4,Antrim Area Hospital,19.96,330
N20002569,Bannside_E5,Antrim Area Hospital,19.60,371
N20002570,Bannside_E6,Antrim Area Hospital,19.48,422
N20002571,Bannside_F1,Antrim Area Hospital,23.42,498
N20002572,Bannside_F2,Antrim Area Hospital,34.55,549
N20002573,Bannside_E7,Antrim Area Hospital,20.81,491
N20002574,Bannside_F3,Antrim Area Hospital,22.36,654
N20002575,Bannside_F4,Antrim Area Hospital,22.90,178
N20002576,Bannside_G1,Antrim Area Hospital,34.65,567
N20002577,Bannside_H1,Antrim Area Hospital,25.53,588
N20002578,Bannside_G2,Antrim Area Hospital,22.96,533
N20002579,Bannside_G3,Antrim Area Hospital,23.22,559
N20002580,Bannside_H2,Antrim Area Hospital,25.46,543
N20002581,Bannside_J1,Antrim Area Hospital,21.14,633
N20002582,Bannside_J2,Antrim Area Hospital,19.49,629
N20002583,Bannside_H3,Antrim Area Hospital,22.31,614
N20002584,Bannside_J3,Antrim Area Hospital,18.72,686
N20002585,Bannside_H4,Antrim Area Hospital,24.18,607
N20002586,Bannside_J4,Antrim Area Hospital,19.67,607
N20002587,Ballymena_A1,Antrim Area Hospital,20.36,338
N20002588,Ballymena_A2,Antrim Area Hospital,20.41,568
N20002589,Ballymena_A3,Antrim Area Hospital,19.96,507
N20002590,Ballymena_D1,Antrim Area Hospital,19.73,467
N20002591,Ballymena_B1,Antrim Area Hospital,20.52,366
N20002592,Ballymena_C1,Antrim Area Hospital,20.09,441
N20002593,Ballymena_D2,Antrim Area Hospital,19.74,655
N20002594,Ballymena_A4,Antrim Area Hospital,19.64,510
N20002595,Ballymena_B2,Antrim Area Hospital,20.05,580
N20002596,Ballymena_C2,Antrim Area Hospital,19.76,333
N20002597,Ballymena_B3,Antrim Area Hospital,19.40,393
N20002598,Ballymena_D3,Antrim Area Hospital,18.84,388
N20002599,Ballymena_B4,Antrim Area Hospital,19.01,411
N20002600,Ballymena_B5,Antrim Area Hospital,19.66,561
N20002601,Ballymena_C3,Antrim Area Hospital,19.13,460
N20002602,Ballymena_C4,Antrim Area Hospital,19.41,485
N20002603,Ballymena_B6,Antrim Area Hospital,19.24,607
N20002604,Ballymena_D4,Antrim Area Hospital,19.37,697
N20002605,Ballymena_C5,Antrim Area Hospital,19.31,555
N20002606,Ballymena_E1,Antrim Area Hospital,18.57,738
N20002607,Ballymena_F1,Antrim Area Hospital,18.71,308
N20002608,Ballymena_C6,Antrim Area Hospital,18.75,211
N20002609,Ballymena_F2,Antrim Area Hospital,19.49,404
N20002610,Ballymena_F3,Antrim Area Hospital,18.64,364
N20002611,Ballymena_E2,Antrim Area Hospital,18.77,556
N20002612,Ballymena_D5,Antrim Area Hospital,17.26,505
N20002613,Ballymena_E3,Antrim Area Hospital,18.11,754
N20002614,Ballymena_G1,Antrim Area Hospital,19.04,404
N20002615,Ballymena_E4,Antrim Area Hospital,18.07,559
N20002616,Ballymena_G2,Antrim Area Hospital,17.00,349
N20002617,Ballymena_G3,Antrim Area Hospital,17.77,785
N20002618,Ballymena_F4,Antrim Area Hospital,18.54,413
N20002619,Ballymena_H1,Antrim Area Hospital,16.66,572
N20002620,Ballymena_G4,Antrim Area Hospital,17.31,546
N20002621,Ballymena_F5,Antrim Area Hospital,19.49,426
N20002622,Ballymena_H2,Antrim Area Hospital,16.43,440
N20002623,Ballymena_F6,Antrim Area Hospital,19.32,348
N20002624,Ballymena_F7,Antrim Area Hospital,18.23,444
N20002625,Ballymena_J1,Antrim Area Hospital,16.89,341
N20002626,Ballymena_H3,Antrim Area Hospital,16.61,366
N20002627,Ballymena_J2,Antrim Area Hospital,16.53,225
N20002628,Ballymena_G5,Antrim Area Hospital,17.84,537
N20002629,Ballymena_J3,Antrim Area Hospital,16.49,604
N20002630,Ballymena_K1,Antrim Area Hospital,17.76,327
N20002631,Ballymena_H4,Antrim Area Hospital,16.20,392
N20002632,Ballymena_H5,Antrim Area Hospital,16.93,461
N20002633,Ballymena_K2,Antrim Area Hospital,18.95,487
N20002634,Ballymena_K3,Antrim Area Hospital,18.26,469
N20002635,Ballymena_K4,Antrim Area Hospital,18.35,406
N20002636,Ballymena_K5,Antrim Area Hospital,18.15,280
N20002637,Ballymena_K6,Antrim Area Hospital,17.62,556
N20002638,Ballymena_K7,Antrim Area Hospital,17.62,391
N20002639,Braid_A1,Antrim Area Hospital,33.86,679
N20002640,Braid_A2,Antrim Area Hospital,31.94,714
N20002641,Braid_A3,Antrim Area Hospital,31.44,486
N20002642,Braid_B1,Antrim Area Hospital,27.06,585
N20002643,Braid_C1,Antrim Area Hospital,30.78,518
N20002644,Braid_A4,Antrim Area Hospital,29.18,353
N20002645,Braid_A5,Antrim Area Hospital,28.97,678
N20002646,Braid_C2,Antrim Area Hospital,25.62,738
N20002647,Braid_C3,Causeway Area Hospital,33.94,722
N20002648,Braid_B2,Antrim Area Hospital,23.53,687
N20002649,Braid_B3,Antrim Area Hospital,29.19,405
N20002650,Braid_C4,Antrim Area Hospital,22.77,407
N20002651,Braid_B4,Antrim Area Hospital,23.56,449
N20002652,Braid_D1,Antrim Area Hospital,20.65,604
N20002653,Braid_C5,Antrim Area Hospital,23.46,524
N20002654,Braid_E1,Antrim Area Hospital,21.55,671
N20002655,Braid_C6,Antrim Area Hospital,21.67,557
N20002656,Braid_D2,Antrim Area Hospital,20.66,490
N20002657,Braid_E2,Antrim Area Hospital,21.23,283
N20002658,Braid_H1,Antrim Area Hospital,21.61,606
N20002659,Braid_D3,Antrim Area Hospital,20.09,278
N20002660,Braid_E3,Antrim Area Hospital,21.31,411
N20002661,Braid_E4,Antrim Area Hospital,20.87,360
N20002662,Braid_F1,Mater Hospital,52.27,657
N20002663,Braid_H2,Antrim Area Hospital,17.08,748
N20002664,Braid_F2,Antrim Area Hospital,22.17,583
N20002665,Braid_G1,Antrim Area Hospital,17.61,268
N20002666,Braid_G2,Antrim Area Hospital,17.44,498
N20002667,Braid_J1,Antrim Area Hospital,17.85,349
N20000023,Dunsilly_D6,Antrim Area Hospital,27.72,502
N20002669,Braid_G3,Antrim Area Hospital,17.07,492
N20002670,Braid_J2,Antrim Area Hospital,17.94,556
N20002671,Braid_G4,Antrim Area Hospital,15.36,679
N20002672,Braid_J3,Antrim Area Hospital,18.16,213
N20002673,Braid_G5,Antrim Area Hospital,16.48,444
N20002674,Braid_H3,Antrim Area Hospital,14.18,434
N20002675,Braid_H4,Antrim Area Hospital,16.12,319
N20002676,Braid_H5,Antrim Area Hospital,11.60,679
N20002677,Braid_F4,Antrim Area Hospital,13.37,568
N20002678,Braid_H6,Antrim Area Hospital,14.45,640
N20002679,Braid_F5,Antrim Area Hospital,20.11,443
N20002680,Braid_K1,Antrim Area Hospital,9.42,415
N20002681,Braid_K2,Antrim Area Hospital,9.54,604
N20002682,Braid_K3,Antrim Area Hospital,10.19,658
N20002683,Braid_K4,Antrim Area Hospital,10.72,441
N20002684,Braid_F6,Antrim Area Hospital,9.92,359
N20002685,Coast_Road_B1,Antrim Area Hospital,39.95,355
N20002686,Coast_Road_A1,Antrim Area Hospital,40.68,422
N20002687,Coast_Road_A2,Antrim Area Hospital,40.04,596
N20002688,Coast_Road_A3,Antrim Area Hospital,39.09,457
N20002689,Coast_Road_B2,Mater Hospital,45.78,473
N20002690,Coast_Road_B3,Antrim Area Hospital,36.37,417
N20002691,Coast_Road_C1,Mater Hospital,43.30,644
N20000024,Dunsilly_C4,Mater Hospital,37.63,620
N20002693,Coast_Road_C3,Mater Hospital,38.31,343
N20002694,Coast_Road_C4,Mater Hospital,35.20,430
N20002695,Coast_Road_D1,Mater Hospital,36.47,461
N20002696,Coast_Road_D2,Mater Hospital,35.46,420
N20000025,Dunsilly_F2,Mater Hospital,35.17,415
N20000026,Dunsilly_B4,Mater Hospital,37.31,554
N20000027,Dunsilly_F3,Mater Hospital,34.88,558
N20002700,Coast_Road_F2,Mater Hospital,32.28,415
N20000028,Dunsilly_F4,Mater Hospital,34.55,550
N20000029,Dunsilly_F5,Mater Hospital,35.03,552
N20000030,Dunsilly_B5,Mater Hospital,35.91,496
N20000031,Dunsilly_B6,Mater Hospital,34.87,531
N20002705,Coast_Road_F3,Mater Hospital,32.26,400
N20002706,Coast_Road_F4,Mater Hospital,32.25,293
N20000032,Dunsilly_F6,Mater Hospital,34.06,459
N20000033,Dunsilly_F7,Mater Hospital,35.22,536
N20002709,Coast_Road_G2,Mater Hospital,34.06,714
N20002710,Coast_Road_H1,Mater Hospital,31.32,534
N20002711,Coast_Road_H2,Mater Hospital,31.49,384
N20002712,Coast_Road_H3,Mater Hospital,31.68,298
N20002713,Coast_Road_J1,Mater Hospital,31.77,452
N20000034,Dunsilly_F8,Mater Hospital,33.65,439
N20000035,Antrim_A1,Mater Hospital,35.10,671
N20002716,Coast_Road_F5,Mater Hospital,31.92,773
N20000036,Antrim_A2,Mater Hospital,33.59,374
N20000037,Antrim_A3,Mater Hospital,33.66,423
N20002719,Coast_Road_H4,Mater Hospital,31.38,435
N20000038,Antrim_B1,Mater Hospital,34.15,628
N20002721,Coast_Road_J3,Mater Hospital,31.94,201
N20002722,Coast_Road_J4,Mater Hospital,31.68,410
N20002723,Coast_Road_H5,Mater Hospital,31.31,423
N20002724,Coast_Road_J5,Mater Hospital,31.83,317
N20002725,Larne_Lough_A1,Mater Hospital,33.84,268
N20002726,Larne_Lough_A2,Mater Hospital,33.47,544
N20002727,Larne_Lough_B1,Mater Hospital,33.10,429
N20002728,Larne_Lough_A3,Mater Hospital,33.23,415
N20002729,Larne_Lough_B2,Mater Hospital,33.03,151
N20002730,Larne_Lough_C1,Mater Hospital,30.75,441
N20002731,Larne_Lough_C2,Mater Hospital,31.00,578
N20002732,Larne_Lough_B3,Mater Hospital,32.62,419
N20002733,Larne_Lough_C3,Mater Hospital,30.65,438
N20002734,Larne_Lough_B4,Mater Hospital,32.68,283
N20002735,Larne_Lough_B5,Mater Hospital,33.53,512
N20002736,Larne_Lough_B6,Mater Hospital,32.22,389
N20002737,Larne_Lough_C4,Mater Hospital,30.44,566
N20002738,Larne_Lough_C5,Mater Hospital,30.06,424
N20002739,Larne_Lough_E1,Mater Hospital,36.18,615
N20002740,Larne_Lough_C6,Mater Hospital,29.64,601
N20002741,Larne_Lough_F1,Mater Hospital,31.36,470
N20002742,Larne_Lough_D1,Mater Hospital,31.26,846
N20002743,Larne_Lough_E2,Mater Hospital,31.95,881
N20002744,Larne_Lough_D2,Mater Hospital,28.65,786
N20002745,Larne_Lough_F2,Mater Hospital,32.24,526
N20002746,Larne_Lough_D3,Antrim Area Hospital,24.17,668
N20002747,Larne_Lough_F3,Mater Hospital,31.03,606
N20002748,Larne_Lough_F4,Mater Hospital,28.10,459
N20002749,Larne_Lough_G1,Mater Hospital,28.13,364
N20002750,Larne_Lough_G2,Mater Hospital,28.53,363
N20002751,Larne_Lough_E3,Mater Hospital,27.06,568
N20002752,Larne_Lough_G3,Mater Hospital,25.03,330
N20002753,Larne_Lough_G4,Mater Hospital,24.83,431
N20002754,Larne_Lough_H1,Mater Hospital,25.82,296
N20002755,Larne_Lough_J1,Mater Hospital,26.00,495
N20002756,Larne_Lough_H2,Mater Hospital,25.97,384
N20002757,Larne_Lough_J2,Mater Hospital,25.66,489
N20002758,Larne_Lough_F5,Mater Hospital,25.80,414
N20002759,Larne_Lough_H3,Mater Hospital,24.84,220
N20002760,Larne_Lough_H4,Mater Hospital,24.75,466
N20002761,Larne_Lough_J3,Mater Hospital,24.27,559
N20002762,Larne_Lough_J4,Mater Hospital,24.37,631
N20002763,Carrick_Castle_A1,Mater Hospital,23.06,445
N20002764,Carrick_Castle_A2,Mater Hospital,19.96,548
N20002765,Carrick_Castle_A3,Mater Hospital,20.06,589
N20002766,Carrick_Castle_A4,Mater Hospital,19.67,293
N20002767,Carrick_Castle_B1,Mater Hospital,20.31,408
N20002768,Carrick_Castle_C1,Mater Hospital,20.25,836
N20002769,Carrick_Castle_A5,Mater Hospital,19.79,564
N20002770,Carrick_Castle_C2,Mater Hospital,20.12,701
N20002771,Carrick_Castle_E1,Mater Hospital,19.50,326
N20002772,Carrick_Castle_D1,Mater Hospital,18.80,381
N20002773,Carrick_Castle_D2,Mater Hospital,18.34,386
N20002774,Carrick_Castle_E2,Mater Hospital,18.89,762
N20002775,Carrick_Castle_C3,Mater Hospital,18.55,769
N20002776,Carrick_Castle_D3,Mater Hospital,18.06,273
N20002777,Carrick_Castle_E3,Mater Hospital,17.96,425
N20002778,Carrick_Castle_B2,Mater Hospital,18.58,689
N20002779,Carrick_Castle_B3,Mater Hospital,18.86,444
N20002780,Carrick_Castle_D4,Mater Hospital,17.78,564
N20002781,Carrick_Castle_D5,Mater Hospital,17.73,592
N20002782,Carrick_Castle_E4,Mater Hospital,17.90,365
N20002783,Carrick_Castle_C4,Mater Hospital,18.13,383
N20002784,Carrick_Castle_B4,Mater Hospital,18.46,360
N20002785,Carrick_Castle_F1,Mater Hospital,17.93,351
N20002786,Carrick_Castle_E5,Mater Hospital,17.53,505
N20002787,Carrick_Castle_F2,Mater Hospital,17.53,403
N20002788,Carrick_Castle_F3,Mater Hospital,17.73,437
N20002789,Carrick_Castle_F4,Mater Hospital,18.00,510
N20002790,Carrick_Castle_G1,Mater Hospital,17.22,539
N20002791,Carrick_Castle_F5,Mater Hospital,17.45,365
N20002792,Carrick_Castle_G2,Mater Hospital,16.94,460
N20002793,Carrick_Castle_G3,Mater Hospital,17.27,299
N20002794,Carrick_Castle_H1,Mater Hospital,16.69,438
N20002795,Carrick_Castle_G4,Mater Hospital,16.73,495
N20002796,Carrick_Castle_H2,Mater Hospital,16.36,409
N20002797,Carrick_Castle_H3,Mater Hospital,16.39,490
N20002798,Carrick_Castle_J1,Mater Hospital,16.12,391
N20002799,Carrick_Castle_J2,Mater Hospital,15.39,502
N20002800,Carrick_Castle_J3,Mater Hospital,15.82,514
N20002801,Carrick_Castle_J4,Mater Hospital,15.26,214
N20002802,Knockagh_A1,Mater Hospital,23.30,913
N20002803,Knockagh_B1,Mater Hospital,18.33,441
N20002804,Knockagh_B2,Mater Hospital,18.30,621
N20002805,Knockagh_C1,Mater Hospital,17.85,481
N20002806,Knockagh_C2,Mater Hospital,17.51,475
N20002807,Knockagh_C3,Mater Hospital,17.74,281
N20002808,Knockagh_B3,Mater Hospital,17.87,655
N20002809,Knockagh_A2,Mater Hospital,17.77,643
N20002810,Knockagh_C4,Mater Hospital,17.83,419
N20002811,Knockagh_D1,Mater Hospital,17.52,356
N20002812,Knockagh_F1,Mater Hospital,16.79,257
N20002813,Knockagh_D2,Mater Hospital,17.51,466
N20002814,Knockagh_C5,Mater Hospital,17.51,637
N20002815,Knockagh_D3,Mater Hospital,17.38,284
N20002816,Knockagh_D4,Mater Hospital,17.27,344
N20002817,Knockagh_E1,Mater Hospital,17.19,411
N20002818,Knockagh_E2,Mater Hospital,16.95,507
N20002819,Knockagh_F2,Mater Hospital,17.16,556
N20002820,Knockagh_F3,Mater Hospital,17.33,377
N20002821,Knockagh_E3,Mater Hospital,16.67,628
N20002822,Knockagh_F4,Mater Hospital,17.02,582
N20002823,Knockagh_F5,Mater Hospital,14.86,690
N20002824,Knockagh_F6,Mater Hospital,14.01,242
N20002825,Knockagh_G1,Mater Hospital,13.92,722
N20002826,Knockagh_G2,Mater Hospital,13.65,577
N20002827,Knockagh_G3,Mater Hospital,13.22,483
N20002828,Knockagh_H1,Mater Hospital,12.63,376
N20002829,Knockagh_H2,Mater Hospital,12.78,563
N20002830,Knockagh_J1,Mater Hospital,12.42,493
N20002831,Knockagh_H3,Mater Hospital,12.44,311
N20002832,Knockagh_G4,Mater Hospital,13.39,535
N20002833,Knockagh_H4,Mater Hospital,12.54,403
N20002834,Knockagh_H5,Mater Hospital,12.27,347
N20002835,Knockagh_J2,Mater Hospital,11.29,628
N20002836,Knockagh_J3,Mater Hospital,11.67,567
N20002837,Carntogher_B1,Causeway Area Hospital,25.35,414
N20002838,Carntogher_A1,Causeway Area Hospital,29.08,"1,016"
N20002839,Carntogher_B2,Causeway Area Hospital,29.66,609
N20002840,Carntogher_A2,Causeway Area Hospital,29.82,683
N20002841,Carntogher_D1,Causeway Area Hospital,32.18,555
N20002842,Carntogher_B3,Causeway Area Hospital,27.52,489
N20002843,Carntogher_A3,Causeway Area Hospital,33.13,665
N20002844,Carntogher_B4,Causeway Area Hospital,32.02,536
N20002845,Carntogher_B5,Causeway Area Hospital,34.54,761
N20002846,Carntogher_A4,Causeway Area Hospital,34.43,658
N20002847,Carntogher_D2,Causeway Area Hospital,39.38,560
N20002848,Carntogher_C1,Antrim Area Hospital,33.75,822
N20002849,Carntogher_C2,Antrim Area Hospital,30.66,564
N20002850,Carntogher_E1,Causeway Area Hospital,33.32,456
N20002851,Carntogher_E2,Causeway Area Hospital,33.23,889
N20002852,Carntogher_E3,Causeway Area Hospital,34.76,605
N20002853,Carntogher_C3,Causeway Area Hospital,36.27,759
N20002854,Carntogher_F1,Causeway Area Hospital,34.34,438
N20002855,Carntogher_F2,Causeway Area Hospital,33.58,405
N20002856,Carntogher_E4,Causeway Area Hospital,34.43,388
N20002857,Carntogher_F3,Causeway Area Hospital,34.51,540
N20002858,Carntogher_F4,Causeway Area Hospital,34.51,513
N20002859,Carntogher_C4,Antrim Area Hospital,37.98,772
N20002860,Carntogher_D3,Causeway Area Hospital,38.29,812
N20002861,Carntogher_C5,Antrim Area Hospital,37.07,465
N20002862,Carntogher_D4,Altnagelvin,37.13,535
N20002863,Carntogher_D5,Altnagelvin,39.40,731
N20002864,Carntogher_D6,Altnagelvin,42.35,529
N20002865,Moyola_C1,Antrim Area Hospital,32.94,569
N20002866,Moyola_A1,Antrim Area Hospital,36.09,683
N20002867,Moyola_B1,Causeway Area Hospital,38.05,897
N20002868,Moyola_C2,Antrim Area Hospital,35.01,775
N20002869,Moyola_A2,Antrim Area Hospital,33.67,591
N20002870,Moyola_A3,Antrim Area Hospital,33.21,660
N20002871,Moyola_E1,Antrim Area Hospital,33.59,777
N20002872,Moyola_B2,Causeway Area Hospital,41.00,706
N20002873,Moyola_D1,Altnagelvin,42.45,498
N20002874,Moyola_D2,Altnagelvin,41.43,394
N20002875,Moyola_D3,Altnagelvin,42.32,562
N20002876,Moyola_E2,Causeway Area Hospital,40.25,541
N20002877,Moyola_E3,Antrim Area Hospital,31.16,543
N20002878,Moyola_D4,Altnagelvin,42.22,417
N20002879,Moyola_E4,Antrim Area Hospital,36.98,"1,061"
N20002880,Moyola_F1,Antrim Area Hospital,29.15,564
N20002881,Moyola_F2,Antrim Area Hospital,29.06,588
N20002882,Moyola_C3,Antrim Area Hospital,30.86,810
N20002883,Moyola_F3,Antrim Area Hospital,28.41,515
N20002884,Moyola_F4,Antrim Area Hospital,27.51,677
N20002885,Moyola_G1,Altnagelvin,43.19,795
N20002886,Moyola_G2,Antrim Area Hospital,40.06,505
N20002887,Moyola_C4,Antrim Area Hospital,23.56,864
N20002888,Moyola_G3,Antrim Area Hospital,42.35,557
N20002889,Moyola_H1,Antrim Area Hospital,28.77,463
N20002890,Moyola_G4,Altnagelvin,46.59,640
N20002891,Moyola_H2,Antrim Area Hospital,30.62,780
N20002892,Moyola_H3,Antrim Area Hospital,33.70,583
N20002893,Moyola_H4,Antrim Area Hospital,32.93,572
N20002894,Magherafelt_A1,Antrim Area Hospital,34.46,634
N20002895,Magherafelt_A2,Antrim Area Hospital,33.09,365
N20002896,Magherafelt_C1,Antrim Area Hospital,34.28,387
N20002897,Magherafelt_A3,Antrim Area Hospital,33.31,229
N20002898,Magherafelt_A4,Antrim Area Hospital,33.85,448
N20002899,Magherafelt_B1,Antrim Area Hospital,32.38,565
N20002900,Magherafelt_C2,Antrim Area Hospital,34.09,416
N20002901,Magherafelt_A5,Antrim Area Hospital,33.21,279
N20002902,Magherafelt_A6,Antrim Area Hospital,33.72,485
N20002903,Magherafelt_C3,Antrim Area Hospital,33.85,621
N20002904,Magherafelt_B2,Antrim Area Hospital,33.59,622
N20002905,Magherafelt_A7,Antrim Area Hospital,33.63,456
N20002906,Magherafelt_B3,Antrim Area Hospital,33.90,331
N20002907,Magherafelt_B4,Antrim Area Hospital,33.85,587
N20002908,Magherafelt_B5,Antrim Area Hospital,34.21,755
N20002909,Magherafelt_C4,Antrim Area Hospital,34.06,652
N20002910,Magherafelt_C5,Antrim Area Hospital,34.28,538
N20002911,Magherafelt_D1,Antrim Area Hospital,43.23,781
N20002912,Magherafelt_C6,Antrim Area Hospital,34.97,702
N20002913,Magherafelt_E1,Antrim Area Hospital,36.51,451
N20002914,Magherafelt_E2,Antrim Area Hospital,37.14,573
N20002915,Magherafelt_D2,Antrim Area Hospital,43.63,672
N20002916,Magherafelt_G1,Antrim Area Hospital,35.25,628
N20002917,Magherafelt_G2,Antrim Area Hospital,37.65,637
N20002918,Magherafelt_D3,Craigavon Area Hospital,47.80,603
N20002919,Magherafelt_E3,Antrim Area Hospital,42.33,554
N20002920,Magherafelt_D4,Craigavon Area Hospital,49.30,670
N20002921,Magherafelt_F1,Antrim Area Hospital,42.02,466
N20002922,Magherafelt_F2,Antrim Area Hospital,40.67,516
N20002923,Magherafelt_F3,Antrim Area Hospital,41.20,520
N20002924,Magherafelt_F4,Antrim Area Hospital,41.66,640
N20002925,Magherafelt_G3,Antrim Area Hospital,37.75,541
N20002926,Magherafelt_D5,Craigavon Area Hospital,44.59,605
N20002927,Magherafelt_G4,Antrim Area Hospital,40.71,507
N20002928,Magherafelt_E4,Craigavon Area Hospital,42.88,831
N20002929,Cookstown_A1,Craigavon Area Hospital,56.94,649
N20002930,Cookstown_A2,Craigavon Area Hospital,50.57,704
N20002931,Cookstown_A3,Craigavon Area Hospital,46.76,539
N20002932,Cookstown_B1,Craigavon Area Hospital,41.63,482
N20002933,Cookstown_E1,Craigavon Area Hospital,42.52,493
N20002934,Cookstown_B2,Craigavon Area Hospital,41.12,502
N20002935,Cookstown_B3,Craigavon Area Hospital,41.46,311
N20002936,Cookstown_E2,Craigavon Area Hospital,42.13,422
N20002937,Cookstown_B4,Craigavon Area Hospital,41.41,623
N20002938,Cookstown_C1,Craigavon Area Hospital,41.19,660
N20002939,Cookstown_E3,Craigavon Area Hospital,40.32,309
N20002940,Cookstown_C2,Craigavon Area Hospital,40.71,582
N20002941,Cookstown_D1,Craigavon Area Hospital,41.23,672
N20002942,Cookstown_G1,Craigavon Area Hospital,41.36,657
N20002943,Cookstown_D2,Craigavon Area Hospital,41.80,532
N20002944,Cookstown_A4,Craigavon Area Hospital,44.07,461
N20002945,Cookstown_C3,Craigavon Area Hospital,40.84,215
N20002946,Cookstown_C4,Craigavon Area Hospital,40.63,374
N20002947,Cookstown_C5,Craigavon Area Hospital,40.56,274
N20002948,Cookstown_A5,Craigavon Area Hospital,51.49,810
N20002949,Cookstown_D3,Craigavon Area Hospital,41.17,501
N20002950,Cookstown_C6,Craigavon Area Hospital,40.35,431
N20002951,Cookstown_G2,Craigavon Area Hospital,39.53,448
N20002952,Cookstown_E4,Craigavon Area Hospital,41.07,507
N20002953,Cookstown_D4,Craigavon Area Hospital,39.99,575
N20002954,Cookstown_B5,Craigavon Area Hospital,41.09,708
N20002955,Cookstown_D5,Craigavon Area Hospital,41.33,455
N20002956,Cookstown_F1,Craigavon Area Hospital,39.67,675
N20002957,Cookstown_F2,Craigavon Area Hospital,39.54,592
N20002958,Cookstown_B6,Craigavon Area Hospital,41.55,288
N20002959,Cookstown_E5,Craigavon Area Hospital,42.54,629
N20002960,Cookstown_F3,Craigavon Area Hospital,39.21,421
N20002961,Cookstown_H1,Craigavon Area Hospital,39.77,520
N20002962,Cookstown_F4,Craigavon Area Hospital,39.15,572
N20002963,Cookstown_H2,Craigavon Area Hospital,39.68,501
N20002964,Cookstown_H3,Craigavon Area Hospital,38.72,618
N20002965,Cookstown_H4,Craigavon Area Hospital,39.30,461
N20002966,Cookstown_J1,Craigavon Area Hospital,47.40,802
N20002967,Cookstown_J2,Craigavon Area Hospital,42.90,575
N20002968,Cookstown_G3,Craigavon Area Hospital,36.70,389
N20002969,Cookstown_G4,Craigavon Area Hospital,37.99,494
N20002970,Cookstown_K1,Craigavon Area Hospital,47.22,629
N20002971,Cookstown_J3,Craigavon Area Hospital,42.39,765
N20002972,Cookstown_K2,Craigavon Area Hospital,47.23,542
N20002973,Cookstown_J4,Craigavon Area Hospital,42.79,721
N20002974,Cookstown_K3,Craigavon Area Hospital,43.08,527
N20002975,Torrent_A1,Craigavon Area Hospital,42.57,733
N20002976,Torrent_A2,Craigavon Area Hospital,43.06,667
N20002977,Torrent_A3,Craigavon Area Hospital,39.09,408
N20002978,Torrent_A4,Craigavon Area Hospital,38.49,505
N20002979,Torrent_B1,Craigavon Area Hospital,36.58,565
N20002980,Torrent_A5,Craigavon Area Hospital,38.25,560
N20002981,Torrent_B2,Craigavon Area Hospital,33.55,468
N20002982,Torrent_D1,Craigavon Area Hospital,35.49,655
N20002983,Torrent_C1,Craigavon Area Hospital,31.17,504
N20002984,Torrent_D2,Craigavon Area Hospital,33.68,589
N20002985,Torrent_B3,Craigavon Area Hospital,32.44,574
N20002986,Torrent_C2,Craigavon Area Hospital,32.19,582
N20002987,Torrent_B4,Craigavon Area Hospital,36.31,473
N20002988,Torrent_B5,Craigavon Area Hospital,31.44,466
N20002989,Torrent_D3,Craigavon Area Hospital,29.47,550
N20002990,Torrent_E1,Craigavon Area Hospital,49.02,661
N20002991,Torrent_C3,Craigavon Area Hospital,28.00,486
N20002992,Torrent_E2,Craigavon Area Hospital,37.18,526
N20002993,Torrent_C4,Craigavon Area Hospital,27.17,764
N20002994,Torrent_G1,Craigavon Area Hospital,28.91,597
N20002995,Torrent_F1,Craigavon Area Hospital,27.76,575
N20002996,Torrent_B6,Craigavon Area Hospital,33.53,403
N20002997,Torrent_F2,Craigavon Area Hospital,27.49,620
N20002998,Torrent_E3,Craigavon Area Hospital,40.69,721
N20002999,Torrent_F3,Craigavon Area Hospital,27.11,485
N20003000,Torrent_D4,Craigavon Area Hospital,26.91,570
N20003001,Torrent_H1,Craigavon Area Hospital,27.09,381
N20003002,Torrent_H2,Craigavon Area Hospital,26.66,409
N20003003,Torrent_H3,Craigavon Area Hospital,26.64,313
N20003004,Torrent_G2,Craigavon Area Hospital,32.21,490
N20003005,Torrent_H4,Craigavon Area Hospital,26.61,231
N20003006,Torrent_F4,Craigavon Area Hospital,26.63,728
N20003007,Torrent_E4,Craigavon Area Hospital,35.89,416
N20003008,Torrent_H5,Craigavon Area Hospital,25.93,365
N20003009,Torrent_G3,Craigavon Area Hospital,29.16,791
N20003010,Torrent_H6,Craigavon Area Hospital,26.34,585
N20003011,Torrent_H7,Craigavon Area Hospital,25.76,525
N20003012,Torrent_F5,Craigavon Area Hospital,25.26,561
N20003013,Torrent_F6,Craigavon Area Hospital,25.69,722
N20003014,Torrent_G4,Craigavon Area Hospital,34.19,351
N20003015,Torrent_D5,Craigavon Area Hospital,24.40,505
N20003016,Torrent_D6,Craigavon Area Hospital,24.12,481
N20003017,Torrent_D7,Craigavon Area Hospital,24.11,461
N20003018,Dungannon_D1,Craigavon Area Hospital,26.25,556
N20003019,Dungannon_G1,Craigavon Area Hospital,26.33,539
N20003020,Dungannon_A1,Craigavon Area Hospital,29.87,655
N20003021,Dungannon_G2,Craigavon Area Hospital,23.33,490
N20003022,Dungannon_A2,Craigavon Area Hospital,29.60,669
N20003023,Dungannon_B1,Craigavon Area Hospital,29.44,533
N20003024,Dungannon_D2,Craigavon Area Hospital,29.66,627
N20003025,Dungannon_B2,Craigavon Area Hospital,33.96,541
N20003026,Dungannon_A3,Craigavon Area Hospital,29.21,396
N20003027,Dungannon_D3,Craigavon Area Hospital,26.32,502
N20003028,Dungannon_A4,Craigavon Area Hospital,29.09,430
N20003029,Dungannon_A5,Craigavon Area Hospital,28.86,494
N20003030,Dungannon_B3,Craigavon Area Hospital,28.73,643
N20003031,Dungannon_A6,Craigavon Area Hospital,27.63,733
N20003032,Dungannon_B4,Craigavon Area Hospital,33.50,692
N20003033,Dungannon_F1,Craigavon Area Hospital,32.92,584
N20003034,Dungannon_C1,Craigavon Area Hospital,27.99,339
N20003035,Dungannon_F2,Craigavon Area Hospital,32.70,363
N20003036,Dungannon_G3,Craigavon Area Hospital,23.40,467
N20003037,Dungannon_C2,Craigavon Area Hospital,32.68,370
N20003038,Dungannon_C3,Craigavon Area Hospital,28.28,535
N20003039,Dungannon_E1,Craigavon Area Hospital,28.01,785
N20003040,Dungannon_E2,Craigavon Area Hospital,27.14,751
N20003041,Dungannon_F3,Craigavon Area Hospital,32.54,677
N20003042,Dungannon_F4,Craigavon Area Hospital,32.06,656
N20003043,Dungannon_F5,Craigavon Area Hospital,28.86,609
N20003044,Dungannon_H1,Craigavon Area Hospital,28.19,450
N20003045,Dungannon_E3,Craigavon Area Hospital,27.07,505
N20003046,Dungannon_E4,Craigavon Area Hospital,26.70,636
N20003047,Dungannon_H2,Craigavon Area Hospital,27.54,543
N20003048,Dungannon_D4,Craigavon Area Hospital,23.06,748
N20003049,Dungannon_H3,Craigavon Area Hospital,26.90,482
N20003050,Dungannon_F6,Craigavon Area Hospital,29.80,859
N20003051,Dungannon_H4,Craigavon Area Hospital,25.96,424
N20003052,Dungannon_H5,Craigavon Area Hospital,26.91,394
N20003053,Dungannon_H6,Craigavon Area Hospital,27.45,536
N20003054,Dungannon_D5,Craigavon Area Hospital,27.06,463
N20003055,Dungannon_G4,Craigavon Area Hospital,20.73,483
N20003056,Dungannon_G5,Craigavon Area Hospital,23.04,793
N20003057,Dungannon_K1,Craigavon Area Hospital,25.14,732
N20003058,Dungannon_J1,Craigavon Area Hospital,22.24,528
N20003059,Dungannon_J2,Craigavon Area Hospital,21.58,611
N20003060,Dungannon_J3,Craigavon Area Hospital,22.22,286
N20003061,Dungannon_J4,Craigavon Area Hospital,21.96,516
N20003062,Dungannon_K2,Craigavon Area Hospital,25.64,"1,017"
N20003063,Clogher_Valley_B1,Craigavon Area Hospital,44.65,"1,067"
N20003064,Clogher_Valley_A1,Craigavon Area Hospital,36.31,697
N20003065,Clogher_Valley_B2,Craigavon Area Hospital,40.53,819
N20003066,Clogher_Valley_A2,Craigavon Area Hospital,36.97,602
N20003067,Clogher_Valley_A3,Craigavon Area Hospital,34.60,466
N20003068,Clogher_Valley_B3,Craigavon Area Hospital,38.22,453
N20003069,Clogher_Valley_A4,Craigavon Area Hospital,39.48,729
N20003070,Clogher_Valley_C1,Craigavon Area Hospital,45.39,701
N20003071,Clogher_Valley_B4,Craigavon Area Hospital,37.12,583
N20003072,Clogher_Valley_A5,Craigavon Area Hospital,30.59,433
N20003073,Clogher_Valley_D1,South West Acute Hospital,47.50,768
N20003074,Clogher_Valley_B5,Craigavon Area Hospital,40.17,711
N20003075,Clogher_Valley_E1,Craigavon Area Hospital,32.82,609
N20003076,Clogher_Valley_C2,Craigavon Area Hospital,47.28,392
N20003077,Clogher_Valley_E2,Craigavon Area Hospital,27.98,553
N20003078,Clogher_Valley_C3,Craigavon Area Hospital,47.11,615
N20003079,Clogher_Valley_E3,Craigavon Area Hospital,39.02,736
N20003080,Clogher_Valley_D2,Craigavon Area Hospital,47.41,421
N20003081,Clogher_Valley_D3,South West Acute Hospital,52.17,627
N20003082,Clogher_Valley_E4,Craigavon Area Hospital,31.79,376
N20003083,Clogher_Valley_D4,Craigavon Area Hospital,47.37,468
N20003084,Clogher_Valley_E5,Craigavon Area Hospital,41.97,586
N20003085,Clogher_Valley_F1,South West Acute Hospital,39.01,491
N20003086,Clogher_Valley_E6,Craigavon Area Hospital,32.66,528
N20003087,Clogher_Valley_F2,South West Acute Hospital,39.65,279
N20003088,Clogher_Valley_G1,Craigavon Area Hospital,42.88,576
N20003089,Clogher_Valley_D5,South West Acute Hospital,45.72,799
N20003090,Clogher_Valley_G2,Craigavon Area Hospital,45.71,488
N20003091,Clogher_Valley_F3,South West Acute Hospital,38.10,510
N20003092,Clogher_Valley_E7,Craigavon Area Hospital,37.38,689
N20003093,Clogher_Valley_F4,South West Acute Hospital,31.87,609
N20003094,Clogher_Valley_F5,South West Acute Hospital,29.38,580
N20003095,Clogher_Valley_G3,Craigavon Area Hospital,39.18,550
N20003096,Clogher_Valley_F6,South West Acute Hospital,43.90,608
N20003097,Clogher_Valley_H1,South West Acute Hospital,26.74,535
N20003098,Clogher_Valley_H2,South West Acute Hospital,27.68,404
N20003099,Clogher_Valley_H3,South West Acute Hospital,27.57,414
N20003100,Clogher_Valley_G4,Craigavon Area Hospital,35.11,525
N20003101,Slieve_Gullion_A1,Daisy Hill Hospital,10.33,552
N20003102,Slieve_Gullion_A2,Daisy Hill Hospital,7.46,550
N20003103,Slieve_Gullion_A3,Daisy Hill Hospital,9.35,837
N20003104,Slieve_Gullion_B1,Daisy Hill Hospital,20.11,682
N20003105,Slieve_Gullion_A4,Daisy Hill Hospital,5.26,706
N20003106,Slieve_Gullion_B2,Daisy Hill Hospital,11.63,327
N20003107,Slieve_Gullion_B3,Daisy Hill Hospital,13.73,807
N20003108,Slieve_Gullion_C1,Daisy Hill Hospital,3.21,308
N20003109,Slieve_Gullion_D1,Daisy Hill Hospital,3.73,433
N20003110,Slieve_Gullion_C2,Daisy Hill Hospital,3.21,722
N20003111,Slieve_Gullion_E1,Daisy Hill Hospital,4.52,580
N20003112,Slieve_Gullion_C3,Daisy Hill Hospital,2.10,452
N20003113,Slieve_Gullion_D2,Daisy Hill Hospital,3.87,790
N20003114,Slieve_Gullion_C4,Daisy Hill Hospital,1.82,472
N20003115,Slieve_Gullion_C5,Daisy Hill Hospital,2.28,919
N20003116,Slieve_Gullion_E2,Daisy Hill Hospital,4.03,379
N20003117,Slieve_Gullion_D3,Daisy Hill Hospital,3.03,375
N20003118,Slieve_Gullion_D4,Daisy Hill Hospital,3.75,337
N20003119,Slieve_Gullion_B4,Daisy Hill Hospital,17.56,268
N20003120,Slieve_Gullion_D5,Daisy Hill Hospital,1.93,463
N20003121,Slieve_Gullion_F1,Daisy Hill Hospital,8.39,755
N20003122,Slieve_Gullion_E3,Daisy Hill Hospital,3.95,521
N20003123,Slieve_Gullion_E4,Daisy Hill Hospital,2.60,537
N20003124,Slieve_Gullion_E5,Daisy Hill Hospital,4.78,755
N20003125,Slieve_Gullion_H1,Daisy Hill Hospital,21.03,719
N20003126,Slieve_Gullion_F2,Daisy Hill Hospital,10.94,879
N20003127,Slieve_Gullion_G1,Daisy Hill Hospital,14.39,712
N20003128,Slieve_Gullion_G2,Daisy Hill Hospital,18.41,809
N20003129,Slieve_Gullion_F3,Daisy Hill Hospital,7.73,770
N20003130,Slieve_Gullion_F4,Daisy Hill Hospital,20.21,686
N20003131,Slieve_Gullion_H2,Daisy Hill Hospital,25.00,590
N20003132,Slieve_Gullion_K1,Daisy Hill Hospital,21.61,335
N20003133,Slieve_Gullion_G3,Daisy Hill Hospital,19.26,930
N20003134,Slieve_Gullion_J1,Daisy Hill Hospital,18.56,345
N20003135,Slieve_Gullion_L1,Daisy Hill Hospital,10.15,553
N20003136,Slieve_Gullion_J2,Daisy Hill Hospital,19.87,517
N20003137,Slieve_Gullion_K2,Daisy Hill Hospital,23.96,754
N20003138,Slieve_Gullion_F5,Daisy Hill Hospital,16.33,460
N20003139,Slieve_Gullion_L2,Daisy Hill Hospital,10.72,420
N20003140,Slieve_Gullion_H3,Daisy Hill Hospital,26.24,584
N20003141,Slieve_Gullion_G4,Daisy Hill Hospital,21.34,310
N20003142,Slieve_Gullion_J3,Daisy Hill Hospital,16.80,581
N20003143,Slieve_Gullion_J4,Daisy Hill Hospital,14.29,502
N20003144,Slieve_Gullion_K3,Daisy Hill Hospital,26.53,599
N20003145,Slieve_Gullion_L3,Daisy Hill Hospital,12.61,464
N20003146,Slieve_Gullion_N1,Daisy Hill Hospital,27.67,460
N20003147,Slieve_Gullion_N2,Daisy Hill Hospital,27.40,568
N20003148,Slieve_Gullion_K4,Daisy Hill Hospital,25.30,563
N20003149,Slieve_Gullion_L4,Daisy Hill Hospital,14.06,929
N20003150,Slieve_Gullion_N3,Daisy Hill Hospital,27.91,545
N20003151,Slieve_Gullion_K5,Daisy Hill Hospital,26.23,472
N20003152,Slieve_Gullion_H4,Daisy Hill Hospital,31.34,441
N20003153,Slieve_Gullion_H5,Daisy Hill Hospital,32.39,725
N20003154,Newry_A1,Daisy Hill Hospital,2.91,721
N20003155,Newry_B1,Daisy Hill Hospital,2.83,737
N20003156,Newry_B2,Daisy Hill Hospital,2.80,634
N20003157,Newry_A2,Daisy Hill Hospital,2.05,592
N20003158,Newry_B3,Daisy Hill Hospital,2.33,366
N20003159,Newry_A3,Daisy Hill Hospital,2.32,408
N20003160,Newry_B4,Daisy Hill Hospital,2.72,456
N20003161,Newry_A4,Daisy Hill Hospital,2.39,591
N20003162,Newry_C1,Daisy Hill Hospital,1.33,444
N20003163,Newry_D1,Daisy Hill Hospital,2.39,478
N20003164,Newry_A5,Daisy Hill Hospital,2.17,472
N20003165,Newry_D2,Daisy Hill Hospital,3.06,552
N20003166,Newry_C2,Daisy Hill Hospital,0.59,323
N20003167,Newry_C3,Daisy Hill Hospital,0.24,514
N20003168,Newry_D3,Daisy Hill Hospital,1.87,430
N20003169,Newry_D4,Daisy Hill Hospital,2.12,763
N20003170,Newry_E1,Daisy Hill Hospital,1.52,472
N20003171,Newry_C4,Daisy Hill Hospital,0.12,304
N20003172,Newry_E2,Daisy Hill Hospital,1.53,452
N20003173,Newry_F1,Daisy Hill Hospital,1.48,589
N20003174,Newry_E3,Daisy Hill Hospital,0.53,372
N20003175,Newry_G1,Daisy Hill Hospital,1.80,430
N20003176,Newry_F2,Daisy Hill Hospital,0.47,580
N20003177,Newry_F3,Daisy Hill Hospital,1.78,520
N20003178,Newry_E4,Daisy Hill Hospital,1.25,489
N20003179,Newry_E5,Daisy Hill Hospital,1.20,376
N20003180,Newry_G2,Daisy Hill Hospital,1.90,567
N20003181,Newry_G3,Daisy Hill Hospital,1.48,450
N20003182,Newry_F4,Daisy Hill Hospital,2.35,529
N20003183,Newry_H1,Daisy Hill Hospital,1.05,504
N20003184,Newry_G4,Daisy Hill Hospital,2.12,560
N20003185,Newry_H2,Daisy Hill Hospital,1.08,504
N20003186,Newry_H3,Daisy Hill Hospital,1.18,592
N20003187,Newry_L1,Daisy Hill Hospital,2.08,468
N20003188,Newry_K1,Daisy Hill Hospital,1.32,503
N20003189,Newry_J1,Daisy Hill Hospital,3.04,581
N20003190,Newry_L2,Daisy Hill Hospital,2.53,281
N20003191,Newry_K2,Daisy Hill Hospital,1.91,574
N20003192,Newry_J2,Daisy Hill Hospital,2.91,469
N20003193,Newry_L3,Daisy Hill Hospital,1.98,513
N20003194,Newry_K3,Daisy Hill Hospital,2.60,651
N20003195,Newry_L4,Daisy Hill Hospital,2.27,522
N20003196,Newry_K4,Daisy Hill Hospital,3.15,524
N20003197,Newry_J3,Daisy Hill Hospital,3.39,793
N20003198,Newry_L5,Daisy Hill Hospital,2.93,546
N20003199,Newry_L6,Daisy Hill Hospital,3.17,344
N20003200,Newry_N1,Daisy Hill Hospital,2.96,"1,062"
N20003201,Newry_P1,Daisy Hill Hospital,4.70,400
N20003202,Newry_N2,Daisy Hill Hospital,6.55,593
N20003203,Newry_P2,Daisy Hill Hospital,7.93,538
N20003204,Newry_N3,Daisy Hill Hospital,7.59,747
N20003205,Newry_P3,Daisy Hill Hospital,7.72,583
N20003206,Newry_P4,Daisy Hill Hospital,8.12,456
N20003207,Crotlieve_A1,Daisy Hill Hospital,10.85,603
N20003208,Crotlieve_A2,Daisy Hill Hospital,11.79,459
N20003209,Crotlieve_A3,Daisy Hill Hospital,17.30,563
N20003210,Crotlieve_A4,Daisy Hill Hospital,10.39,481
N20003211,Crotlieve_B1,Daisy Hill Hospital,7.77,604
N20003212,Crotlieve_C1,Daisy Hill Hospital,6.14,805
N20003213,Crotlieve_A5,Daisy Hill Hospital,17.37,838
N20003214,Crotlieve_B2,Daisy Hill Hospital,8.98,934
N20003215,Crotlieve_C2,Daisy Hill Hospital,4.69,705
N20003216,Crotlieve_B3,Daisy Hill Hospital,12.23,735
N20003217,Crotlieve_D1,Daisy Hill Hospital,15.55,526
N20003218,Crotlieve_D2,Daisy Hill Hospital,15.23,650
N20003219,Crotlieve_B4,Daisy Hill Hospital,13.16,511
N20003220,Crotlieve_D3,Daisy Hill Hospital,15.75,545
N20003221,Crotlieve_E1,Daisy Hill Hospital,9.50,843
N20003222,Crotlieve_C3,Daisy Hill Hospital,5.95,608
N20003223,Crotlieve_C4,Daisy Hill Hospital,4.13,482
N20003224,Crotlieve_C5,Daisy Hill Hospital,3.03,432
N20003225,Crotlieve_G1,Daisy Hill Hospital,20.13,760
N20003226,Crotlieve_E2,Daisy Hill Hospital,11.24,741
N20003227,Crotlieve_F1,Daisy Hill Hospital,6.62,764
N20003228,Crotlieve_F2,Daisy Hill Hospital,4.48,563
N20003229,Crotlieve_F3,Daisy Hill Hospital,5.81,545
N20003230,Crotlieve_G2,Daisy Hill Hospital,20.28,688
N20003231,Crotlieve_E3,Daisy Hill Hospital,9.67,679
N20003232,Crotlieve_G3,Daisy Hill Hospital,22.10,443
N20003233,Crotlieve_F4,Daisy Hill Hospital,7.28,616
N20003234,Crotlieve_G4,Daisy Hill Hospital,11.77,701
N20003235,Crotlieve_G5,Daisy Hill Hospital,14.97,628
N20003236,Crotlieve_H1,Daisy Hill Hospital,9.94,779
N20003237,Crotlieve_J1,Daisy Hill Hospital,14.09,560
N20003238,Crotlieve_H2,Daisy Hill Hospital,10.69,536
N20003239,Crotlieve_L1,Daisy Hill Hospital,16.77,613
N20003240,Crotlieve_J2,Daisy Hill Hospital,13.11,711
N20003241,Crotlieve_H3,Daisy Hill Hospital,10.73,657
N20003242,Crotlieve_K1,Daisy Hill Hospital,10.83,444
N20003243,Crotlieve_H4,Daisy Hill Hospital,11.09,582
N20003244,Crotlieve_L2,Daisy Hill Hospital,16.66,608
N20003245,Crotlieve_H5,Daisy Hill Hospital,10.98,323
N20003246,Crotlieve_K2,Daisy Hill Hospital,11.27,463
N20003247,Crotlieve_H6,Daisy Hill Hospital,11.30,238
N20003248,Crotlieve_K3,Daisy Hill Hospital,11.39,430
N20003249,Crotlieve_K4,Daisy Hill Hospital,12.46,300
N20003250,Crotlieve_J3,Daisy Hill Hospital,13.05,517
N20003251,Crotlieve_K5,Daisy Hill Hospital,12.21,236
N20003252,Crotlieve_L3,Daisy Hill Hospital,15.18,421
N20003253,Crotlieve_K6,Daisy Hill Hospital,12.37,472
N20003254,Crotlieve_L4,Daisy Hill Hospital,15.62,391
N20003255,Crotlieve_K7,Daisy Hill Hospital,11.96,459
N20003256,Crotlieve_L5,Daisy Hill Hospital,16.02,468
N20003257,The_Mournes_A1,Daisy Hill Hospital,27.49,711
N20003258,The_Mournes_A2,Daisy Hill Hospital,31.34,394
N20003259,The_Mournes_A3,Daisy Hill Hospital,34.26,541
N20003260,The_Mournes_A4,Daisy Hill Hospital,24.32,594
N20003261,The_Mournes_F1,Daisy Hill Hospital,21.36,689
N20003262,The_Mournes_D1,Daisy Hill Hospital,33.69,585
N20003263,The_Mournes_B1,Daisy Hill Hospital,33.72,513
N20003264,The_Mournes_C1,Daisy Hill Hospital,33.48,508
N20003265,The_Mournes_B2,Daisy Hill Hospital,33.83,474
N20003266,The_Mournes_D2,Daisy Hill Hospital,35.28,618
N20003267,The_Mournes_B3,Daisy Hill Hospital,34.12,408
N20003268,The_Mournes_C2,Daisy Hill Hospital,33.04,570
N20003269,The_Mournes_B4,Daisy Hill Hospital,34.35,490
N20003270,The_Mournes_C3,Daisy Hill Hospital,33.45,520
N20003271,The_Mournes_D3,Daisy Hill Hospital,34.23,409
N20003272,The_Mournes_E1,Daisy Hill Hospital,34.21,615
N20003273,The_Mournes_E2,Daisy Hill Hospital,34.14,585
N20003274,The_Mournes_E3,Daisy Hill Hospital,34.07,700
N20003275,The_Mournes_F2,Daisy Hill Hospital,29.17,479
N20003276,The_Mournes_F3,Daisy Hill Hospital,27.75,662
N20003277,The_Mournes_E4,Daisy Hill Hospital,34.50,441
N20003278,The_Mournes_D4,Daisy Hill Hospital,34.64,507
N20003279,The_Mournes_D5,Daisy Hill Hospital,35.61,356
N20003280,The_Mournes_F4,Daisy Hill Hospital,21.35,509
N20003281,The_Mournes_G1,Daisy Hill Hospital,40.64,601
N20003282,The_Mournes_G2,Daisy Hill Hospital,28.94,746
N20003283,The_Mournes_J1,Daisy Hill Hospital,39.73,616
N20003284,The_Mournes_H1,Daisy Hill Hospital,40.09,567
N20003285,The_Mournes_H2,Daisy Hill Hospital,39.97,433
N20003286,The_Mournes_H3,Daisy Hill Hospital,38.88,474
N20003287,The_Mournes_H4,Daisy Hill Hospital,39.25,538
N20003288,The_Mournes_G3,Daisy Hill Hospital,37.93,678
N20003289,The_Mournes_J2,Daisy Hill Hospital,37.45,563
N20003290,The_Mournes_K1,Daisy Hill Hospital,29.68,684
N20003291,The_Mournes_K2,Daisy Hill Hospital,28.64,617
N20003292,The_Mournes_G4,Daisy Hill Hospital,35.67,755
N20003293,The_Mournes_G5,Daisy Hill Hospital,33.67,811
N20003294,The_Mournes_J3,Daisy Hill Hospital,35.39,503
N20003295,The_Mournes_K3,Daisy Hill Hospital,21.14,578
N20003296,The_Mournes_J4,Daisy Hill Hospital,33.63,416
N20003297,The_Mournes_L1,Daisy Hill Hospital,32.69,639
N20003298,The_Mournes_L2,Daisy Hill Hospital,32.37,485
N20003299,The_Mournes_N1,Daisy Hill Hospital,29.64,652
N20003300,The_Mournes_L3,Daisy Hill Hospital,31.58,702
N20003301,The_Mournes_P1,Daisy Hill Hospital,31.13,583
N20003302,The_Mournes_N2,Daisy Hill Hospital,29.62,635
N20003303,The_Mournes_P2,Daisy Hill Hospital,31.14,420
N20003304,The_Mournes_N3,Daisy Hill Hospital,31.32,866
N20003305,The_Mournes_P3,Daisy Hill Hospital,31.12,325
N20003306,The_Mournes_P4,Daisy Hill Hospital,31.09,439
N20003307,The_Mournes_P5,Daisy Hill Hospital,31.19,378
N20003308,The_Mournes_P6,Daisy Hill Hospital,31.30,509
N20003309,The_Mournes_K4,Daisy Hill Hospital,29.59,532
N20003310,The_Mournes_K5,Daisy Hill Hospital,27.92,578
N20003311,Slieve_Croob_A1,Royal Victoria Hospital,26.48,627
N20003312,Slieve_Croob_A2,Royal Victoria Hospital,27.01,392
N20003313,Slieve_Croob_D1,Royal Victoria Hospital,28.73,579
N20003314,Slieve_Croob_A3,Royal Victoria Hospital,29.18,419
N20003315,Slieve_Croob_B1,Royal Victoria Hospital,29.42,686
N20003316,Slieve_Croob_A4,Royal Victoria Hospital,30.89,353
N20003317,Slieve_Croob_A5,Royal Victoria Hospital,29.71,855
N20003318,Slieve_Croob_B2,Royal Victoria Hospital,29.91,657
N20000039,Antrim_B2,Royal Victoria Hospital,33.34,499
N20003320,Slieve_Croob_C1,Royal Victoria Hospital,34.35,453
N20003321,Slieve_Croob_D3,Ulster Hospital,33.62,730
N20003322,Slieve_Croob_C2,Craigavon Area Hospital,37.82,482
N20003323,Slieve_Croob_E1,Daisy Hill Hospital,32.75,486
N20003324,Slieve_Croob_C3,Royal Victoria Hospital,34.39,848
N20003325,Slieve_Croob_C4,Royal Victoria Hospital,34.39,440
N20003326,Slieve_Croob_C5,Royal Victoria Hospital,36.04,586
N20003327,Slieve_Croob_E2,Daisy Hill Hospital,32.19,692
N20003328,Slieve_Croob_D4,Royal Victoria Hospital,50.80,779
N20003329,Slieve_Croob_F1,Royal Victoria Hospital,38.16,558
N20003330,Slieve_Croob_F2,Royal Victoria Hospital,40.19,586
N20003331,Slieve_Croob_E3,Daisy Hill Hospital,28.36,632
N20003332,Slieve_Croob_G1,Daisy Hill Hospital,35.54,528
N20003333,Slieve_Croob_G2,Daisy Hill Hospital,35.93,501
N20003334,Slieve_Croob_G3,Daisy Hill Hospital,33.12,466
N20003335,Slieve_Croob_F3,Royal Victoria Hospital,45.71,824
N20003336,Slieve_Croob_E4,Daisy Hill Hospital,32.85,798
N20003337,Slieve_Croob_G4,Daisy Hill Hospital,36.61,666
N20003338,Slieve_Croob_H1,Daisy Hill Hospital,37.93,723
N20003339,Slieve_Croob_H2,Daisy Hill Hospital,37.73,341
N20003340,Slieve_Croob_H3,Daisy Hill Hospital,37.50,475
N20003341,Slieve_Croob_J1,Daisy Hill Hospital,31.44,679
N20003342,Slieve_Croob_J2,Daisy Hill Hospital,31.28,703
N20003343,Slieve_Croob_G5,Daisy Hill Hospital,34.16,626
N20003344,Slieve_Croob_J3,Daisy Hill Hospital,30.62,459
N20003345,Slieve_Croob_J4,Daisy Hill Hospital,31.33,401
N20003346,Slieve_Croob_J5,Daisy Hill Hospital,30.56,357
N20003347,Rowallane_C1,Royal Victoria Hospital,17.06,518
N20003348,Rowallane_A1,Ulster Hospital,19.00,317
N20003349,Rowallane_A2,Ulster Hospital,18.39,758
N20003350,Rowallane_A3,Ulster Hospital,18.86,598
N20003351,Rowallane_B1,Ulster Hospital,19.42,351
N20003352,Rowallane_E1,Ulster Hospital,19.04,547
N20003353,Rowallane_B2,Ulster Hospital,19.08,480
N20003354,Rowallane_B3,Ulster Hospital,19.60,428
N20003355,Rowallane_B4,Ulster Hospital,19.50,656
N20003356,Rowallane_C2,Royal Victoria Hospital,20.49,535
N20003357,Rowallane_E2,Ulster Hospital,23.99,536
N20003358,Rowallane_D1,Ulster Hospital,21.06,676
N20003359,Rowallane_E3,Ulster Hospital,25.12,601
N20003360,Rowallane_C3,Ulster Hospital,22.81,383
N20003361,Rowallane_E4,Ulster Hospital,22.31,443
N20003362,Rowallane_C4,Royal Victoria Hospital,24.08,427
N20003363,Rowallane_C5,Ulster Hospital,25.55,425
N20003364,Rowallane_D2,Ulster Hospital,26.79,398
N20003365,Rowallane_D3,Ulster Hospital,27.49,532
N20003366,Rowallane_G1,Royal Victoria Hospital,25.61,581
N20003367,Rowallane_F1,Royal Victoria Hospital,24.00,301
N20003368,Rowallane_H1,Ulster Hospital,24.75,421
N20003369,Rowallane_F2,Royal Victoria Hospital,25.29,555
N20003370,Rowallane_G2,Royal Victoria Hospital,25.63,680
N20003371,Rowallane_D4,Ulster Hospital,28.04,673
N20003372,Rowallane_H2,Ulster Hospital,25.53,328
N20003373,Rowallane_F3,Royal Victoria Hospital,24.52,480
N20003374,Rowallane_F4,Royal Victoria Hospital,24.47,281
N20003375,Rowallane_H3,Ulster Hospital,25.33,391
N20003376,Rowallane_H4,Ulster Hospital,25.56,316
N20003377,Rowallane_H5,Ulster Hospital,25.85,366
N20003378,Rowallane_G3,Royal Victoria Hospital,24.91,467
N20003379,Rowallane_F5,Royal Victoria Hospital,25.08,416
N20003380,Rowallane_F6,Royal Victoria Hospital,24.69,564
N20003381,Rowallane_H6,Ulster Hospital,25.94,510
N20003382,Rowallane_G4,Royal Victoria Hospital,25.38,357
N20003383,Rowallane_J1,Ulster Hospital,27.00,466
N20003384,Rowallane_J2,Ulster Hospital,27.06,528
N20003385,Rowallane_G5,Royal Victoria Hospital,25.47,454
N20003386,Rowallane_H7,Ulster Hospital,25.87,455
N20003387,Rowallane_E5,Ulster Hospital,26.91,639
N20003388,Rowallane_J3,Ulster Hospital,27.39,581
N20003389,Rowallane_G6,Royal Victoria Hospital,25.54,401
N20003390,Rowallane_J4,Ulster Hospital,27.81,422
N20003391,Downpatrick_B1,Ulster Hospital,45.24,590
N20003392,Downpatrick_A1,Ulster Hospital,29.94,688
N20003393,Downpatrick_A2,Ulster Hospital,39.45,660
N20003394,Downpatrick_A3,Ulster Hospital,36.77,638
N20003395,Downpatrick_A4,Ulster Hospital,32.78,695
N20003396,Downpatrick_B2,Ulster Hospital,44.53,637
N20003397,Downpatrick_C1,Ulster Hospital,34.45,709
N20003398,Downpatrick_C2,Ulster Hospital,34.74,485
N20003399,Downpatrick_C3,Ulster Hospital,35.93,615
N20003400,Downpatrick_C4,Ulster Hospital,36.15,449
N20003401,Downpatrick_C5,Ulster Hospital,34.27,492
N20003402,Downpatrick_D1,Ulster Hospital,36.41,386
N20003403,Downpatrick_E1,Ulster Hospital,35.28,424
N20003404,Downpatrick_E2,Ulster Hospital,34.64,316
N20000040,Antrim_A4,Ulster Hospital,37.50,371
N20003406,Downpatrick_E3,Ulster Hospital,35.21,412
N20003407,Downpatrick_E4,Ulster Hospital,35.33,375
N20003408,Downpatrick_E5,Ulster Hospital,35.15,264
N20003409,Downpatrick_D3,Ulster Hospital,35.72,469
N20003410,Downpatrick_E6,Ulster Hospital,35.48,460
N20003411,Downpatrick_D4,Ulster Hospital,36.31,815
N20003412,Downpatrick_F1,Royal Victoria Hospital,47.39,547
N20003413,Downpatrick_G1,Ulster Hospital,35.82,516
N20003414,Downpatrick_H1,Ulster Hospital,47.35,764
N20003415,Downpatrick_F2,Ulster Hospital,36.20,225
N20003416,Downpatrick_G2,Ulster Hospital,36.37,586
N20003417,Downpatrick_G3,Ulster Hospital,36.58,546
N20003418,Downpatrick_F3,Ulster Hospital,38.06,509
N20003419,Downpatrick_G4,Ulster Hospital,36.52,672
N20003420,Downpatrick_B3,Ulster Hospital,49.05,737
N20003421,Downpatrick_F4,Ulster Hospital,37.30,695
N20003422,Downpatrick_H2,Ulster Hospital,38.79,541
N20003423,Downpatrick_H3,Ulster Hospital,48.26,584
N20003424,Downpatrick_H4,Ulster Hospital,42.91,476
N20003425,Downpatrick_J1,Ulster Hospital,45.89,422
N20003426,Downpatrick_J2,Ulster Hospital,45.03,432
N20003427,Downpatrick_J3,Ulster Hospital,45.63,318
N20003428,Downpatrick_J4,Ulster Hospital,46.47,548
N20003429,Downpatrick_K1,Ulster Hospital,44.46,685
N20003430,Downpatrick_K2,Ulster Hospital,44.86,464
N20003431,Downpatrick_K3,Ulster Hospital,45.41,492
N20003432,Comber_C1,Ulster Hospital,7.94,278
N20003433,Comber_E1,Ulster Hospital,5.93,485
N20003434,Comber_C2,Ulster Hospital,8.04,364
N20003435,Comber_C3,Ulster Hospital,8.67,392
N20003436,Comber_C4,Ulster Hospital,7.90,633
N20003437,Comber_A1,Ulster Hospital,6.23,491
N20003438,Comber_C5,Ulster Hospital,8.02,463
N20003439,Comber_C6,Ulster Hospital,8.24,326
N20003440,Comber_B1,Ulster Hospital,7.52,513
N20003441,Comber_B2,Ulster Hospital,7.74,340
N20003442,Comber_A2,Ulster Hospital,15.07,312
N20003443,Comber_A3,Ulster Hospital,6.70,461
N20003444,Comber_B3,Ulster Hospital,7.71,429
N20003445,Comber_B4,Ulster Hospital,8.24,359
N20003446,Comber_D1,Ulster Hospital,15.21,329
N20003447,Comber_C7,Ulster Hospital,8.26,347
N20003448,Comber_A4,Ulster Hospital,14.63,773
N20003449,Comber_B5,Ulster Hospital,7.42,240
N20003450,Comber_B6,Ulster Hospital,7.57,408
N20003451,Comber_D2,Ulster Hospital,7.03,377
N20003452,Comber_D3,Ulster Hospital,7.37,467
N20003453,Comber_D4,Ulster Hospital,7.29,451
N20003454,Comber_D5,Ulster Hospital,7.41,429
N20003455,Comber_D6,Ulster Hospital,8.08,349
N20003456,Comber_E2,Ulster Hospital,9.84,518
N20003457,Comber_F1,Ulster Hospital,10.66,517
N20003458,Comber_F2,Ulster Hospital,11.38,329
N20003459,Comber_F3,Ulster Hospital,11.35,368
N20003460,Comber_F4,Ulster Hospital,12.83,440
N20003461,Comber_E3,Ulster Hospital,14.90,338
N20003462,Comber_G1,Ulster Hospital,12.83,346
N20003463,Comber_G2,Ulster Hospital,13.61,742
N20003464,Comber_G3,Ulster Hospital,13.47,320
N20003465,Comber_G4,Ulster Hospital,12.91,569
N20003466,Comber_G5,Ulster Hospital,13.58,559
N20003467,Comber_F5,Ulster Hospital,15.24,858
N20003468,Comber_G6,Ulster Hospital,13.59,602
N20003469,Comber_F6,Ulster Hospital,17.20,721
N20003470,Comber_H1,Ulster Hospital,18.91,568
N20003471,Comber_H2,Ulster Hospital,15.87,693
N20003472,Comber_H3,Ulster Hospital,18.40,403
N20003473,Comber_H4,Ulster Hospital,18.06,583
N20003474,Newtownards_A1,Ulster Hospital,10.62,631
N20003475,Newtownards_A2,Ulster Hospital,5.38,588
N20003476,Newtownards_A3,Ulster Hospital,10.14,591
N20003477,Newtownards_B1,Ulster Hospital,10.32,520
N20003478,Newtownards_A4,Ulster Hospital,8.75,509
N20003479,Newtownards_B2,Ulster Hospital,9.71,383
N20003480,Newtownards_B3,Ulster Hospital,9.87,509
N20003481,Newtownards_B4,Ulster Hospital,9.85,356
N20003482,Newtownards_C1,Ulster Hospital,9.47,495
N20003483,Newtownards_E1,Ulster Hospital,8.44,433
N20003484,Newtownards_D1,Ulster Hospital,10.04,590
N20003485,Newtownards_F1,Ulster Hospital,8.14,331
N20003486,Newtownards_F2,Ulster Hospital,8.07,449
N20003487,Newtownards_C2,Ulster Hospital,9.30,547
N20003488,Newtownards_D2,Ulster Hospital,9.60,687
N20003489,Newtownards_C3,Ulster Hospital,9.24,371
N20003490,Newtownards_E2,Ulster Hospital,8.05,461
N20003491,Newtownards_G1,Ulster Hospital,9.44,613
N20003492,Newtownards_D3,Ulster Hospital,9.89,684
N20003493,Newtownards_F3,Ulster Hospital,7.95,598
N20003494,Newtownards_E3,Ulster Hospital,7.13,508
N20003495,Newtownards_F4,Ulster Hospital,7.81,419
N20003496,Newtownards_C4,Ulster Hospital,9.01,577
N20003497,Newtownards_H1,Ulster Hospital,9.84,398
N20003498,Newtownards_G2,Ulster Hospital,9.53,350
N20003499,Newtownards_J1,Ulster Hospital,7.72,322
N20003500,Newtownards_L1,Ulster Hospital,7.26,244
N20003501,Newtownards_G3,Ulster Hospital,9.22,463
N20003502,Newtownards_K1,Ulster Hospital,8.75,697
N20003503,Newtownards_J2,Ulster Hospital,7.99,395
N20003504,Newtownards_J3,Ulster Hospital,7.65,497
N20003505,Newtownards_H2,Ulster Hospital,10.19,709
N20003506,Newtownards_K2,Ulster Hospital,8.66,652
N20003507,Newtownards_H3,Ulster Hospital,9.60,457
N20003508,Newtownards_N1,Ulster Hospital,6.63,515
N20003509,Newtownards_R1,Ulster Hospital,8.27,369
N20003510,Newtownards_J4,Ulster Hospital,7.56,183
N20003511,Newtownards_H4,Ulster Hospital,9.87,383
N20003512,Newtownards_R2,Ulster Hospital,8.54,321
N20003513,Newtownards_J5,Ulster Hospital,13.80,241
N20003514,Newtownards_G4,Ulster Hospital,8.65,565
N20003515,Newtownards_H5,Ulster Hospital,10.16,496
N20003516,Newtownards_L2,Ulster Hospital,6.60,390
N20003517,Newtownards_R3,Ulster Hospital,8.66,323
N20003518,Newtownards_L3,Ulster Hospital,13.64,447
N20003519,Newtownards_Q1,Ulster Hospital,9.66,360
N20003520,Newtownards_Q2,Ulster Hospital,9.97,535
N20003521,Newtownards_P1,Ulster Hospital,6.60,547
N20003522,Newtownards_L4,Ulster Hospital,13.41,320
N20003523,Newtownards_N2,Ulster Hospital,4.19,537
N20003524,Newtownards_P2,Ulster Hospital,6.57,340
N20003525,Newtownards_Q3,Ulster Hospital,9.31,374
N20003526,Newtownards_P3,Ulster Hospital,13.27,376
N20003527,Newtownards_P4,Ulster Hospital,13.11,349
N20003528,Newtownards_Q4,Ulster Hospital,9.77,493
N20003529,Newtownards_R4,Ulster Hospital,12.96,314
N20003530,Newtownards_S1,Ulster Hospital,12.80,361
N20003531,Newtownards_S2,Ulster Hospital,12.65,426
N20003532,Newtownards_S3,Ulster Hospital,12.59,554
N20003533,Newtownards_S4,Ulster Hospital,12.46,546
N20003534,Newtownards_S5,Ulster Hospital,12.22,434
N20003535,Newtownards_N3,Ulster Hospital,12.11,553
N20003536,Newtownards_N4,Ulster Hospital,11.96,705
N20003537,Holywood_and_Clandeboye_A1,Ulster Hospital,10.57,595
N20003538,Holywood_and_Clandeboye_A2,Ulster Hospital,11.10,587
N20003539,Holywood_and_Clandeboye_F1,Ulster Hospital,9.80,348
N20003540,Holywood_and_Clandeboye_A3,Ulster Hospital,11.27,364
N20003541,Holywood_and_Clandeboye_B1,Ulster Hospital,12.29,336
N20003542,Holywood_and_Clandeboye_B2,Ulster Hospital,12.31,423
N20003543,Holywood_and_Clandeboye_B3,Ulster Hospital,12.47,345
N20003544,Holywood_and_Clandeboye_F2,Ulster Hospital,9.04,354
N20003545,Holywood_and_Clandeboye_F3,Ulster Hospital,9.44,609
N20003546,Holywood_and_Clandeboye_C1,Ulster Hospital,11.50,639
N20003547,Holywood_and_Clandeboye_C2,Ulster Hospital,10.08,677
N20003548,Holywood_and_Clandeboye_D1,Ulster Hospital,9.86,673
N20003549,Holywood_and_Clandeboye_D2,Ulster Hospital,9.11,630
N20003550,Holywood_and_Clandeboye_E1,Ulster Hospital,9.48,603
N20003551,Holywood_and_Clandeboye_D3,Ulster Hospital,8.49,429
N20003552,Holywood_and_Clandeboye_H1,Ulster Hospital,9.13,336
N20003553,Holywood_and_Clandeboye_E2,Ulster Hospital,9.14,814
N20003554,Holywood_and_Clandeboye_G1,Ulster Hospital,11.50,"1,201"
N20003555,Holywood_and_Clandeboye_E3,Ulster Hospital,9.55,477
N20003556,Holywood_and_Clandeboye_G2,Ulster Hospital,11.92,482
N20003557,Holywood_and_Clandeboye_G3,Ulster Hospital,12.37,289
N20003558,Holywood_and_Clandeboye_H2,Ulster Hospital,8.89,397
N20003559,Holywood_and_Clandeboye_K1,Ulster Hospital,9.00,462
N20003560,Holywood_and_Clandeboye_K2,Ulster Hospital,8.88,381
N20003561,Holywood_and_Clandeboye_H3,Ulster Hospital,8.76,480
N20003562,Holywood_and_Clandeboye_J1,Ulster Hospital,12.70,756
N20003563,Holywood_and_Clandeboye_H4,Ulster Hospital,8.38,296
N20003564,Holywood_and_Clandeboye_H5,Mater Hospital,8.50,381
N20003565,Holywood_and_Clandeboye_K3,Ulster Hospital,8.52,422
N20003566,Holywood_and_Clandeboye_H6,Ulster Hospital,8.38,363
N20003567,Holywood_and_Clandeboye_K4,Ulster Hospital,8.48,550
N20003568,Holywood_and_Clandeboye_J2,Ulster Hospital,12.77,646
N20003569,Holywood_and_Clandeboye_F4,Ulster Hospital,5.77,889
N20003570,Holywood_and_Clandeboye_L1,Ulster Hospital,8.14,278
N20003571,Holywood_and_Clandeboye_L2,Ulster Hospital,7.90,492
N20003572,Holywood_and_Clandeboye_J3,Ulster Hospital,12.50,511
N20003573,Holywood_and_Clandeboye_L3,Ulster Hospital,7.38,528
N20003574,Holywood_and_Clandeboye_L4,Ulster Hospital,7.71,426
N20003575,Holywood_and_Clandeboye_K5,Ulster Hospital,7.95,382
N20003576,Holywood_and_Clandeboye_L5,Ulster Hospital,7.14,552
N20003577,Holywood_and_Clandeboye_L6,Ulster Hospital,6.97,404
N20003578,Bangor_West_A1,Ulster Hospital,12.63,649
N20003579,Bangor_West_A2,Ulster Hospital,12.33,332
N20003580,Bangor_West_A3,Ulster Hospital,12.03,504
N20003581,Bangor_West_A4,Ulster Hospital,12.69,714
N20003582,Bangor_West_C1,Ulster Hospital,11.89,436
N20003583,Bangor_West_A5,Ulster Hospital,12.67,399
N20003584,Bangor_West_A6,Ulster Hospital,12.48,513
N20003585,Bangor_West_B1,Ulster Hospital,12.47,444
N20003586,Bangor_West_D1,Ulster Hospital,12.02,647
N20003587,Bangor_West_B2,Ulster Hospital,11.50,397
N20003588,Bangor_West_B3,Ulster Hospital,12.53,396
N20003589,Bangor_West_C2,Ulster Hospital,11.55,490
N20003590,Bangor_West_D2,Ulster Hospital,11.50,311
N20003591,Bangor_West_E1,Ulster Hospital,12.18,263
N20003592,Bangor_West_F1,Ulster Hospital,12.02,428
N20003593,Bangor_West_D3,Ulster Hospital,11.64,295
N20003594,Bangor_West_E2,Ulster Hospital,12.49,522
N20003595,Bangor_West_C3,Ulster Hospital,11.33,553
N20003596,Bangor_West_F2,Ulster Hospital,12.65,432
N20003597,Bangor_West_D4,Ulster Hospital,11.34,328
N20003598,Bangor_West_C4,Ulster Hospital,10.77,343
N20003599,Bangor_West_F3,Ulster Hospital,12.55,515
N20003600,Bangor_West_E3,Ulster Hospital,10.57,412
N20003601,Bangor_West_G1,Ulster Hospital,11.59,315
N20003602,Bangor_West_D5,Ulster Hospital,11.29,431
N20003603,Bangor_West_G2,Ulster Hospital,12.23,488
N20003604,Bangor_West_E4,Ulster Hospital,10.28,314
N20003605,Bangor_West_F4,Ulster Hospital,12.38,743
N20003606,Bangor_West_E5,Ulster Hospital,10.53,257
N20003607,Bangor_West_H1,Ulster Hospital,10.83,421
N20003608,Bangor_West_H2,Ulster Hospital,10.67,244
N20003609,Bangor_West_H3,Ulster Hospital,11.35,491
N20003610,Bangor_West_G3,Ulster Hospital,11.99,254
N20003611,Bangor_West_J1,Ulster Hospital,11.55,440
N20003612,Bangor_West_E6,Ulster Hospital,10.00,358
N20003613,Bangor_West_J2,Ulster Hospital,11.71,403
N20003614,Bangor_West_G4,Ulster Hospital,12.00,462
N20003615,Bangor_West_G5,Ulster Hospital,12.78,649
N20003616,Bangor_West_H4,Ulster Hospital,10.35,613
N20003617,Bangor_West_H5,Ulster Hospital,10.74,428
N20003618,Bangor_West_H6,Ulster Hospital,11.40,435
N20003619,Bangor_West_J3,Ulster Hospital,12.23,735
N20003620,Bangor_West_J4,Ulster Hospital,11.21,722
N20003621,Bangor_Central_A1,Ulster Hospital,14.11,433
N20003622,Bangor_Central_B1,Ulster Hospital,15.31,481
N20003623,Bangor_Central_A2,Ulster Hospital,13.92,545
N20003624,Bangor_Central_A3,Ulster Hospital,14.19,602
N20003625,Bangor_Central_B2,Ulster Hospital,16.05,517
N20003626,Bangor_Central_D1,Ulster Hospital,14.04,520
N20003627,Bangor_Central_E1,Ulster Hospital,14.98,438
N20003628,Bangor_Central_C1,Ulster Hospital,13.68,510
N20003629,Bangor_Central_E2,Ulster Hospital,14.61,501
N20003630,Bangor_Central_D2,Ulster Hospital,14.21,505
N20003631,Bangor_Central_F1,Ulster Hospital,13.95,385
N20003632,Bangor_Central_C2,Ulster Hospital,13.57,575
N20003633,Bangor_Central_F2,Ulster Hospital,13.66,180
N20003634,Bangor_Central_E3,Ulster Hospital,14.77,433
N20003635,Bangor_Central_B3,Ulster Hospital,15.74,461
N20003636,Bangor_Central_F3,Ulster Hospital,13.24,274
N20003637,Bangor_Central_B4,Ulster Hospital,15.13,476
N20003638,Bangor_Central_E4,Ulster Hospital,14.55,471
N20003639,Bangor_Central_D3,Ulster Hospital,14.02,449
N20003640,Bangor_Central_C3,Ulster Hospital,12.91,316
N20003641,Bangor_Central_E5,Ulster Hospital,14.73,283
N20003642,Bangor_Central_C4,Ulster Hospital,12.71,353
N20003643,Bangor_Central_B5,Ulster Hospital,15.31,330
N20003644,Bangor_Central_F4,Ulster Hospital,13.51,494
N20003645,Bangor_Central_G1,Ulster Hospital,15.49,609
N20003646,Bangor_Central_G2,Ulster Hospital,15.28,458
N20003647,Bangor_Central_G3,Ulster Hospital,14.29,580
N20003648,Bangor_Central_H1,Ulster Hospital,13.75,418
N20003649,Bangor_Central_H2,Ulster Hospital,12.82,554
N20003650,Bangor_Central_J1,Ulster Hospital,14.38,792
N20003651,Bangor_Central_K1,Ulster Hospital,13.03,457
N20003652,Bangor_Central_J2,Ulster Hospital,14.59,585
N20003653,Bangor_Central_K2,Ulster Hospital,13.06,412
N20003654,Bangor_Central_H3,Ulster Hospital,13.57,424
N20003655,Bangor_Central_J3,Ulster Hospital,13.99,524
N20003656,Bangor_Central_K3,Ulster Hospital,13.21,440
N20003657,Bangor_Central_K4,Ulster Hospital,12.83,351
N20003658,Bangor_Central_J4,Ulster Hospital,14.85,374
N20003659,Bangor_Central_L1,Ulster Hospital,13.52,510
N20003660,Bangor_Central_K5,Ulster Hospital,13.33,403
N20003661,Bangor_Central_P1,Ulster Hospital,15.07,415
N20003662,Bangor_Central_L2,Ulster Hospital,13.52,362
N20003663,Bangor_Central_N1,Ulster Hospital,12.29,445
N20003664,Bangor_Central_L3,Ulster Hospital,14.01,539
N20003665,Bangor_Central_L4,Ulster Hospital,15.35,232
N20003666,Bangor_Central_N2,Ulster Hospital,13.78,459
N20003667,Bangor_Central_P2,Ulster Hospital,15.26,548
N20003668,Bangor_Central_L5,Ulster Hospital,14.16,486
N20003669,Bangor_Central_P3,Ulster Hospital,14.51,625
N20003670,Bangor_Central_N3,Ulster Hospital,13.97,360
N20003671,Bangor_Central_N4,Ulster Hospital,13.86,379
N20003672,Bangor_Central_P4,Ulster Hospital,15.00,334
N20003673,Bangor_Central_Q1,Ulster Hospital,13.47,719
N20003674,Bangor_Central_Q2,Ulster Hospital,13.11,352
N20003675,Bangor_Central_P5,Ulster Hospital,13.76,437
N20003676,Bangor_Central_Q3,Ulster Hospital,13.62,573
N20003677,Bangor_Central_Q4,Ulster Hospital,13.27,439
N20003678,Bangor_Central_Q5,Ulster Hospital,14.18,507
N20003679,Bangor_East_and_Donaghadee_E1,Ulster Hospital,18.12,270
N20003680,Bangor_East_and_Donaghadee_A1,Ulster Hospital,17.11,485
N20003681,Bangor_East_and_Donaghadee_A2,Ulster Hospital,17.42,362
N20003682,Bangor_East_and_Donaghadee_A3,Ulster Hospital,16.88,373
N20003683,Bangor_East_and_Donaghadee_B1,Ulster Hospital,16.48,307
N20003684,Bangor_East_and_Donaghadee_B2,Ulster Hospital,16.15,516
N20003685,Bangor_East_and_Donaghadee_E2,Ulster Hospital,19.15,478
N20003686,Bangor_East_and_Donaghadee_B3,Ulster Hospital,16.04,342
N20003687,Bangor_East_and_Donaghadee_B4,Ulster Hospital,16.17,398
N20003688,Bangor_East_and_Donaghadee_C1,Ulster Hospital,20.75,362
N20003689,Bangor_East_and_Donaghadee_B5,Ulster Hospital,15.97,378
N20003690,Bangor_East_and_Donaghadee_B6,Ulster Hospital,15.92,335
N20003691,Bangor_East_and_Donaghadee_B7,Ulster Hospital,15.76,431
N20003692,Bangor_East_and_Donaghadee_D1,Ulster Hospital,15.54,189
N20003693,Bangor_East_and_Donaghadee_C2,Ulster Hospital,21.17,459
N20003694,Bangor_East_and_Donaghadee_D2,Ulster Hospital,15.53,459
N20003695,Bangor_East_and_Donaghadee_D3,Ulster Hospital,15.27,530
N20003696,Bangor_East_and_Donaghadee_F1,Ulster Hospital,16.02,569
N20003697,Bangor_East_and_Donaghadee_F2,Ulster Hospital,16.47,560
N20003698,Bangor_East_and_Donaghadee_G1,Ulster Hospital,15.00,610
N20003699,Bangor_East_and_Donaghadee_G2,Ulster Hospital,15.16,465
N20003700,Bangor_East_and_Donaghadee_C3,Ulster Hospital,20.38,621
N20003701,Bangor_East_and_Donaghadee_F3,Ulster Hospital,15.17,546
N20003702,Bangor_East_and_Donaghadee_F4,Ulster Hospital,15.22,323
N20003703,Bangor_East_and_Donaghadee_G3,Ulster Hospital,14.96,394
N20003704,Bangor_East_and_Donaghadee_C4,Ulster Hospital,19.98,520
N20003705,Bangor_East_and_Donaghadee_G4,Ulster Hospital,14.73,460
N20003706,Bangor_East_and_Donaghadee_F5,Ulster Hospital,16.64,411
N20003707,Bangor_East_and_Donaghadee_J1,Ulster Hospital,20.53,374
N20003708,Bangor_East_and_Donaghadee_G5,Ulster Hospital,15.04,670
N20003709,Bangor_East_and_Donaghadee_G6,Ulster Hospital,15.16,605
N20003710,Bangor_East_and_Donaghadee_H1,Ulster Hospital,15.16,227
N20003711,Bangor_East_and_Donaghadee_J2,Ulster Hospital,20.35,224
N20003712,Bangor_East_and_Donaghadee_H2,Ulster Hospital,15.05,632
N20003713,Bangor_East_and_Donaghadee_J3,Ulster Hospital,19.68,275
N20003714,Bangor_East_and_Donaghadee_H3,Ulster Hospital,15.48,676
N20003715,Bangor_East_and_Donaghadee_J4,Ulster Hospital,20.32,269
N20003716,Bangor_East_and_Donaghadee_H4,Ulster Hospital,15.31,584
N20003717,Bangor_East_and_Donaghadee_H5,Ulster Hospital,15.43,466
N20003718,Bangor_East_and_Donaghadee_J5,Ulster Hospital,20.09,436
N20003719,Bangor_East_and_Donaghadee_H6,Ulster Hospital,15.49,734
N20003720,Bangor_East_and_Donaghadee_J6,Ulster Hospital,19.72,468
N20003721,Bangor_East_and_Donaghadee_E3,Ulster Hospital,16.16,418
N20003722,Bangor_East_and_Donaghadee_K1,Ulster Hospital,20.69,436
N20003723,Bangor_East_and_Donaghadee_J7,Ulster Hospital,19.62,354
N20003724,Bangor_East_and_Donaghadee_K2,Ulster Hospital,19.70,315
N20003725,Bangor_East_and_Donaghadee_K3,Ulster Hospital,19.77,591
N20003726,Bangor_East_and_Donaghadee_E4,Ulster Hospital,18.79,324
N20003727,Bangor_East_and_Donaghadee_K4,Ulster Hospital,19.37,341
N20003728,Bangor_East_and_Donaghadee_K5,Ulster Hospital,21.23,660
N20003729,Bangor_East_and_Donaghadee_K6,Ulster Hospital,21.58,619
N20003730,Ards_Peninsula_C1,Ulster Hospital,17.04,433
N20003731,Ards_Peninsula_C2,Ulster Hospital,15.45,388
N20003732,Ards_Peninsula_A1,Ulster Hospital,19.62,489
N20003733,Ards_Peninsula_A2,Ulster Hospital,18.75,492
N20003734,Ards_Peninsula_A3,Ulster Hospital,19.96,694
N20003735,Ards_Peninsula_A4,Ulster Hospital,19.76,545
N20003736,Ards_Peninsula_A5,Ulster Hospital,20.23,329
N20003737,Ards_Peninsula_C3,Ulster Hospital,19.43,383
N20003738,Ards_Peninsula_B1,Ulster Hospital,10.30,631
N20003739,Ards_Peninsula_B2,Ulster Hospital,10.61,776
N20003740,Ards_Peninsula_C4,Ulster Hospital,13.91,485
N20003741,Ards_Peninsula_D1,Ulster Hospital,18.00,435
N20003742,Ards_Peninsula_D2,Ulster Hospital,19.71,373
N20003743,Ards_Peninsula_C5,Ulster Hospital,23.28,709
N20003744,Ards_Peninsula_D3,Ulster Hospital,13.24,401
N20003745,Ards_Peninsula_D4,Ulster Hospital,19.76,439
N20003746,Ards_Peninsula_D5,Ulster Hospital,17.19,471
N20003747,Ards_Peninsula_D6,Ulster Hospital,21.14,486
N20003748,Ards_Peninsula_E1,Ulster Hospital,23.97,387
N20003749,Ards_Peninsula_E2,Ulster Hospital,24.45,360
N20003750,Ards_Peninsula_E3,Ulster Hospital,24.78,444
N20003751,Ards_Peninsula_E4,Ulster Hospital,24.95,384
N20003752,Ards_Peninsula_D7,Ulster Hospital,21.02,377
N20003753,Ards_Peninsula_E5,Ulster Hospital,24.49,435
N20003754,Ards_Peninsula_F1,Ulster Hospital,20.57,488
N20003755,Ards_Peninsula_F2,Ulster Hospital,26.40,480
N20003756,Ards_Peninsula_F3,Ulster Hospital,27.08,543
N20003757,Ards_Peninsula_G1,Ulster Hospital,30.03,661
N20003758,Ards_Peninsula_G2,Ulster Hospital,30.65,750
N20003759,Ards_Peninsula_F4,Ulster Hospital,25.40,409
N20003760,Ards_Peninsula_H1,Ulster Hospital,26.70,442
N20003761,Ards_Peninsula_H2,Ulster Hospital,29.45,638
N20003762,Ards_Peninsula_J1,Ulster Hospital,35.00,371
N20003763,Ards_Peninsula_H3,Ulster Hospital,28.01,501
N20003764,Ards_Peninsula_J2,Ulster Hospital,35.88,368
N20003765,Ards_Peninsula_J3,Ulster Hospital,35.61,359
N20003766,Ards_Peninsula_J4,Ulster Hospital,35.36,716
N20003767,Ards_Peninsula_H4,Ulster Hospital,35.10,368
N20003768,Ards_Peninsula_J5,Ulster Hospital,35.23,465
N20003769,Ards_Peninsula_K1,Ulster Hospital,32.51,475
N20003770,Ards_Peninsula_K2,Ulster Hospital,32.93,377
N20003771,Ards_Peninsula_L1,Ulster Hospital,32.71,729
N20003772,Ards_Peninsula_K3,Ulster Hospital,33.98,508
N20003774,Ards_Peninsula_L3,Ulster Hospital,37.34,421
N20003775,Ards_Peninsula_N1,Ulster Hospital,39.69,598
N20003776,Ards_Peninsula_N2,Ulster Hospital,39.52,449
N20003777,Ards_Peninsula_N3,Ulster Hospital,40.04,448
N20003778,Ards_Peninsula_N4,Ulster Hospital,40.35,430
N20003779,Ards_Peninsula_N5,Ulster Hospital,40.86,447
N20003780,Ards_Peninsula_L4,Ulster Hospital,42.19,447
